id,segment_from_id,segment_to_id,hub_id,otp_code,disputed,distance_from_hub_km
89be481a-2fad-4dd1-8c37-6e85a0bf2fca,7a19578d-9805-4ade-af2b-c0325be033f0,620622b9-a6e9-478f-9d23-2cc79ffd8fd7,2ddf4880-95a6-4875-857d-f1d095b7fc48,851413,False,0.15
e5002513-4ce7-48b4-9924-a66ba59c88c8,620622b9-a6e9-478f-9d23-2cc79ffd8fd7,3d46e329-e7b0-4fdf-8206-da4cbf29cd19,faa81e93-f79d-4d3d-9240-87cdf9df3633,535673,False,0.42
d736e9b1-4822-4224-917a-43f577d5cf4b,66716ac8-e7c3-4613-9450-d29a5ddfb40e,ea766361-4323-4cc1-9bfb-d159207b1c2d,faa81e93-f79d-4d3d-9240-87cdf9df3633,564637,False,0.33
be477ed2-fbef-4a6e-a4b8-4820879b02a2,bff1f56b-2c0a-4507-9315-c27f886d3949,3a6b07fb-2433-440d-9973-051354b082a4,8fba1efa-7c25-4a5b-b271-bb1ac4460664,813813,False,0.32
4ce933ce-bfff-4813-80aa-098f31f6067d,dca47efc-10b5-46f2-8336-2be083446d8b,af610934-448f-4b6e-894b-d5fefbc6a5fa,c2f4b9b4-48ee-4746-958f-6169ba532344,963274,False,0.5
0db398f0-07dd-4d00-8220-29116a81854d,af610934-448f-4b6e-894b-d5fefbc6a5fa,a1484df6-8a4b-4a76-b471-adb98b2f6349,2ddf4880-95a6-4875-857d-f1d095b7fc48,893547,False,0.02
9a68d8d4-fa72-4145-9246-287499361e89,a1484df6-8a4b-4a76-b471-adb98b2f6349,aa8c42cf-54e2-4707-9b70-b10334beb567,faa81e93-f79d-4d3d-9240-87cdf9df3633,672892,False,0.11
501b4145-f78a-45db-a156-bdb1005897c1,c0a844c1-a56e-4f96-9a88-6025df70a67f,fbd38a3a-b54c-4e2a-9b5b-e22b71825338,8fba1efa-7c25-4a5b-b271-bb1ac4460664,765105,False,0.38
6da6fc37-6d09-4081-881f-f8cf74f52055,7c35c122-e154-4101-b1ff-36faf202c1af,41b9175f-b076-4a16-a01a-32b1ed585b96,9e7e9588-92a7-42c9-9eef-e79c1acf67b7,838761,False,0.47
4a963dbc-1a14-4272-80f3-7351a383ad06,41b9175f-b076-4a16-a01a-32b1ed585b96,57e677b7-6ff8-444a-b877-bbdeb8c1baad,5dbdf32d-78de-4094-b415-861af0ca99a2,205939,False,0.17
0f45c6ca-055b-4c34-8ec2-c2fa21ba5af6,8bc9de26-81c6-4c06-8d44-55255024b0df,5c7933c9-9300-4a8d-bbfd-ef3cb38546b3,2ddf4880-95a6-4875-857d-f1d095b7fc48,990079,False,0.23
811b8d23-3b5d-49ad-a855-00ad90384c4b,5c7933c9-9300-4a8d-bbfd-ef3cb38546b3,168ad23d-abef-49cd-bf5a-ce837502f815,faa81e93-f79d-4d3d-9240-87cdf9df3633,273438,False,0.04
4ab53fac-9656-49b4-93d6-ee2aa4f4627f,168ad23d-abef-49cd-bf5a-ce837502f815,7aa02893-9551-4a3b-bdee-09507e0d930e,288de4cd-bf1a-4a25-847c-68865d138b36,352593,False,0.17
c3b21db5-0084-488f-aa46-55c9bc439108,4e1600a2-6321-40c8-8826-571be6123259,042c7d32-8edc-4740-bab9-dd6fe9afe1b0,faa81e93-f79d-4d3d-9240-87cdf9df3633,298202,False,0.0
7509c5dd-c227-41de-acaa-4f511502bd6d,042c7d32-8edc-4740-bab9-dd6fe9afe1b0,3255276f-e23f-475e-9b42-c6873186be99,2ddf4880-95a6-4875-857d-f1d095b7fc48,107459,False,0.29
31a473c6-b8e8-4ff7-99e5-e8f5577ffad3,3255276f-e23f-475e-9b42-c6873186be99,5aa2e2e3-a9cf-4e35-8563-4218f8fa326b,c2f4b9b4-48ee-4746-958f-6169ba532344,107543,False,0.19
32bdd0e8-2d1a-4e39-98fc-827d0b75dd6a,b33b7221-6cd6-4b05-9cd4-7ecb0dd1deed,55c2bd6c-d70e-4730-8e28-22b70d7d141c,c2f4b9b4-48ee-4746-958f-6169ba532344,389809,False,0.38
10c2e055-2267-47d6-a759-1d4acc51be4c,f536ca3f-a1ad-4b7c-906f-4bef445f5478,aecfa63c-c5c7-4dbb-991a-e56cfa89afef,c2f4b9b4-48ee-4746-958f-6169ba532344,146372,True,5.4
e3a5df75-5c28-4053-b536-6d28c8d1e9c1,d21aa981-6697-4bbc-89e7-cf4b7f788c3d,7c46bbf3-0c74-41b7-8145-5e913d9ab05f,a30de39d-9e98-4258-b754-758c8da83902,255825,False,0.49
63c1b425-d9c5-41db-9f5f-3254b6098537,f584c020-87cf-417d-aa7b-f938e9f50627,44084738-105d-4267-9502-e335427cb14a,faa81e93-f79d-4d3d-9240-87cdf9df3633,767377,False,0.21
b1d8919e-d803-4c0a-91be-056daf1383ec,44084738-105d-4267-9502-e335427cb14a,4e8012f7-47ec-4675-84fa-0f433071f7aa,2ddf4880-95a6-4875-857d-f1d095b7fc48,613321,False,0.37
094e3e8b-984d-4706-a6b3-18c5ea5759a2,f41ecc2b-c9c2-46cd-89c6-8a312e228d94,9f8aa35d-b682-49df-8ff5-9d4efe12f566,8fba1efa-7c25-4a5b-b271-bb1ac4460664,386275,False,0.12
a04b26cd-4826-447a-8c92-32c1c31b2dd5,41f016cc-3af4-4b32-8541-66fbd96461ce,e5d247c9-fe1d-4945-a22c-4da054c4bd9d,8fba1efa-7c25-4a5b-b271-bb1ac4460664,468653,False,0.12
fb1c2ba2-31d9-4cd1-8652-c27f265ae668,8a376b82-9003-4baf-a543-20c0cf3649f2,acac145b-04e0-4a7c-94ca-f952c8e2e859,c2f4b9b4-48ee-4746-958f-6169ba532344,426592,False,0.08
b6112f35-b814-45f7-931f-a015e59ba534,81f37b59-050f-49db-b26e-0edd91a6b298,2143342e-8388-4eec-821d-552a21e93160,c2f4b9b4-48ee-4746-958f-6169ba532344,605590,False,0.33
8ecffc41-a85b-4b12-91ec-c141a7f0221e,2143342e-8388-4eec-821d-552a21e93160,bc553b52-a109-432c-b950-c1a6aefba079,9708822b-62d4-4ac2-ae57-f36abd36b0cb,321921,False,0.09
be6896ca-93b4-4978-83b0-ab1ff8208726,2e28fecc-55ef-4605-bb8e-7222e963993a,41dfe48e-cd5e-486e-a1a2-76995aadf9a8,a30de39d-9e98-4258-b754-758c8da83902,568957,True,13.0
80627282-9a57-4d64-a689-171da401fa1e,41dfe48e-cd5e-486e-a1a2-76995aadf9a8,328d41e8-a077-4228-946d-1719004fea54,69cc852b-0428-432f-9fd5-25c49064f57d,316247,False,0.33
505cc49c-136b-4396-8e2e-02d317979b39,5ed0ae31-1c8c-4665-a3b4-133103f65862,013d6d05-f989-47ff-8654-bd6f7969563f,5dbdf32d-78de-4094-b415-861af0ca99a2,938672,False,0.34
49d39818-3afe-42d4-9209-cc102f81566f,3670c859-bcd4-4597-9552-4671a250ec0f,c3e619bd-56b6-4463-8a1e-e61a6157129d,faa81e93-f79d-4d3d-9240-87cdf9df3633,416611,False,0.45
74df7838-8be2-4865-9628-44f457fa4af7,f2b8708b-c144-4d63-81bb-52df678318b4,07e21b84-b85f-4422-a918-f0751554bb15,8fba1efa-7c25-4a5b-b271-bb1ac4460664,818445,False,0.36
2fcc317a-f357-4690-bf26-c0694c338158,c9bb86db-a087-418f-a73a-ff6264a24a22,15247822-8e18-4e25-8639-e3e7427a64a0,faa81e93-f79d-4d3d-9240-87cdf9df3633,998794,False,0.36
c0c7d346-e777-4f36-acc0-beacb4126b91,15247822-8e18-4e25-8639-e3e7427a64a0,dc19f20c-8e6b-4c27-8410-66fe5a916adb,2ddf4880-95a6-4875-857d-f1d095b7fc48,555416,False,0.03
77f1132b-7664-416d-ba1a-b0d4e8a29190,b701beb4-4ff6-4b75-b836-bf56e2887394,d0d9399b-09e1-4c20-9c51-0553755ebca4,faa81e93-f79d-4d3d-9240-87cdf9df3633,492722,False,0.23
76f81709-15ba-4c65-bca6-70ca930b276a,66829d59-84d9-4061-86d8-36b4a7d6448f,01b98ddd-4a01-43a3-9b1c-992217b57032,c2f4b9b4-48ee-4746-958f-6169ba532344,206330,False,0.33
eb0d9f56-e273-4b1b-9098-b46b689e66ed,c16e76d1-d90d-4033-8619-526eb6f7560b,8badbd58-6512-4157-b991-6ad99f4f8568,8fba1efa-7c25-4a5b-b271-bb1ac4460664,763877,False,0.38
dc872971-d4be-444c-a877-d794d3f1806c,dd9bf864-d319-46f4-81e8-abd5466f314d,4ae072dc-c044-4bc0-8230-63dedeae2c62,9708822b-62d4-4ac2-ae57-f36abd36b0cb,453637,False,0.5
13351a1a-cc62-484e-98fc-b774a31dfdb1,4ae072dc-c044-4bc0-8230-63dedeae2c62,d8faa844-817e-4727-8a06-ad70cbdc5d02,c2f4b9b4-48ee-4746-958f-6169ba532344,457546,False,0.4
bd4f0af5-4fc2-4c17-b991-e709f04fac46,ef749a40-d45c-4bcc-9ff3-774c9f58867f,c8ea2507-f431-44e4-bf65-ee85273904c4,c2f4b9b4-48ee-4746-958f-6169ba532344,767625,False,0.23
e8fe1a7e-50aa-4563-9d1c-6ce30febfc48,128e7fc0-8eb4-4441-a466-2f4200d5fdb5,6cb9a22f-df7b-4aa8-9dc4-f8d41e912990,faa81e93-f79d-4d3d-9240-87cdf9df3633,494273,False,0.21
ac0aefc3-9aa1-49ee-88eb-72da84eee720,6cb9a22f-df7b-4aa8-9dc4-f8d41e912990,9211f495-70aa-43c1-9986-53dc8a012be9,288de4cd-bf1a-4a25-847c-68865d138b36,111444,False,0.15
9ea6c69b-3fe0-44a3-bc69-73c1626d1282,5bffb5c6-208e-4e67-b698-5b4659300433,047ec959-f72c-4038-bafe-78536043ec5e,faa81e93-f79d-4d3d-9240-87cdf9df3633,533595,False,0.42
d5dccfda-f9d6-45f8-9f03-ca48beb6d3a0,047ec959-f72c-4038-bafe-78536043ec5e,40009793-0a27-4d5f-a515-aca2eed461d1,2ddf4880-95a6-4875-857d-f1d095b7fc48,336288,False,0.41
70a63aab-c483-421e-96f7-3ecf6cd8ac89,7f923b38-f750-4ba4-bd6f-05a91caf1f4c,a28bce06-dd7c-4be8-8db0-ff41bea759b7,faa81e93-f79d-4d3d-9240-87cdf9df3633,430489,False,0.42
9821e604-079c-4be7-9edb-c36000913cc2,4e7ae8f2-dc0e-415b-9f88-fc29a031da82,01122106-2026-4b9a-bdc4-793308e15dfb,8fba1efa-7c25-4a5b-b271-bb1ac4460664,286064,False,0.27
e575d943-7227-4732-ab30-84aaf70a3580,6ff49766-866d-4c29-b1e7-5d3991483729,f46d8dc0-1d29-497c-af78-ab6ac55c1278,faa81e93-f79d-4d3d-9240-87cdf9df3633,969494,False,0.11
fba2b430-770d-4096-9d44-fda7ab2bce35,bed07396-4190-4fc0-89ab-4b97e4c18bf2,b6b22e95-ae10-4c84-bfd4-32367e34919a,8fba1efa-7c25-4a5b-b271-bb1ac4460664,749466,False,0.44
452a24b4-9b7a-49ae-a854-4a3eb2ff7f9b,03249467-ad04-425c-bae6-359721df1a3a,871a6084-c917-4362-b6db-04788ff39758,2ddf4880-95a6-4875-857d-f1d095b7fc48,515320,False,0.24
03d243a4-21d9-45d8-9aa0-a1d9b66c232f,871a6084-c917-4362-b6db-04788ff39758,f2c04973-6bec-4207-94c1-ea7f17844b3a,faa81e93-f79d-4d3d-9240-87cdf9df3633,685975,False,0.06
26682f6b-668a-4400-a9b4-b03a4e566fc1,f2c04973-6bec-4207-94c1-ea7f17844b3a,33d0ba38-0cb3-427c-9684-2ffe141de981,288de4cd-bf1a-4a25-847c-68865d138b36,281287,False,0.29
dd6d9346-b0da-42ee-9cbf-227bfc3f42e7,3b2b254b-89fa-4e5d-910b-ba9cecb52f91,36d35b79-3577-4c2d-bfcd-6da31f72569d,c2f4b9b4-48ee-4746-958f-6169ba532344,925803,False,0.14
496af999-9551-43e3-922a-15972b7ee8b6,36d35b79-3577-4c2d-bfcd-6da31f72569d,a96c5a00-af5f-49ec-bcfe-9227201366e4,2ddf4880-95a6-4875-857d-f1d095b7fc48,609057,False,0.26
3d5aa0b7-8943-4304-974f-e1fb0dcbf1d7,a4cd053a-35c6-4caa-a35b-02ccc498012e,5aee91ba-1fde-4076-83e2-89dfa9eea24c,faa81e93-f79d-4d3d-9240-87cdf9df3633,824284,False,0.05
f08df53f-6cfa-4bf2-82ff-19642e6e5e07,b19cd15a-2d8e-4983-8e18-3fe12719b3bd,36a2bbca-ec61-49df-9a29-59fb87215ddc,faa81e93-f79d-4d3d-9240-87cdf9df3633,680514,False,0.11
31af61a3-4cee-40e1-a242-bde87dacb1a5,093a737b-7ce1-44c8-acdc-47c2db858a4b,c6cd1269-441c-45ca-ad12-564b006965f7,faa81e93-f79d-4d3d-9240-87cdf9df3633,972839,False,0.3
b35ae1fa-6d75-4b3c-b9bd-1016941259f3,ed167403-57da-4b7a-a90d-22f32c01bb25,688c2690-af8f-4649-8fe0-b5e53ac5178b,c2f4b9b4-48ee-4746-958f-6169ba532344,174801,False,0.16
f804a4a9-582c-49bd-aa32-3220d04a347c,d3bd2900-d45a-499f-85bf-021976129038,04ce73b7-498a-4ed0-911b-ae41451ea295,8fba1efa-7c25-4a5b-b271-bb1ac4460664,145559,False,0.21
7395f9f5-46b0-40e5-a73e-788ed9c509fa,ff417ada-985b-4d75-8c07-abab0dbe881a,8f1bd9ae-4650-4e89-8fef-4aa804f2143b,faa81e93-f79d-4d3d-9240-87cdf9df3633,369434,False,0.44
e6e0ca3a-ed52-42a6-8f9a-d7617b164f53,8f1bd9ae-4650-4e89-8fef-4aa804f2143b,de679b9a-1aec-4dbe-83e9-a7374e03d62b,2ddf4880-95a6-4875-857d-f1d095b7fc48,550899,False,0.13
820f4c22-7325-4269-9f89-2c92cfe9982c,59085260-90d4-4331-8b67-d4e79b6e1154,699bdeee-5948-4b65-8a91-08aea6990f60,c2f4b9b4-48ee-4746-958f-6169ba532344,559613,False,0.41
70e5776c-059a-4518-96a4-d55b9ca8c492,699bdeee-5948-4b65-8a91-08aea6990f60,a6783984-69c7-401a-86f0-938e7ad12a1a,2ddf4880-95a6-4875-857d-f1d095b7fc48,192873,False,0.49
b74fecef-1668-477a-b0ba-c20c2437c270,a6783984-69c7-401a-86f0-938e7ad12a1a,a6a28dfe-03e4-4e3c-bd7e-d1ad52b4c4c8,faa81e93-f79d-4d3d-9240-87cdf9df3633,134109,False,0.25
d652a220-a3dc-47ae-8f94-364b6a3c61df,190f6232-dc49-4bde-96db-722a58912d75,7a27ae50-014f-4574-9f30-9d0ca909c3e5,faa81e93-f79d-4d3d-9240-87cdf9df3633,290904,False,0.4
a4ace605-cfd9-4cf3-b417-871119cf892b,379e93d3-7f84-4113-8612-c1d8583eb0ff,27ffef25-0f8d-47c6-ba0c-97e42c966598,5dbdf32d-78de-4094-b415-861af0ca99a2,991207,False,0.33
c68a3d95-fe2c-4558-9f49-23c6e8ba4cff,0c165c43-f2e7-4d24-b5c5-c5ae6c1488eb,765d72d5-eb24-41a1-94b3-263bbf42ec1a,a30de39d-9e98-4258-b754-758c8da83902,901215,False,0.21
5b1038c9-71ec-4736-902b-6bffefe638d3,17a7dbb7-bd1a-4ba2-bb61-fff75e33f328,fbb90256-7ed2-4e58-8a02-fdd5ea5388ea,288de4cd-bf1a-4a25-847c-68865d138b36,230355,False,0.01
e2d569ed-d56c-41b8-97fc-86264bbcadf0,fbb90256-7ed2-4e58-8a02-fdd5ea5388ea,107094aa-4931-43df-b736-3b5e341dbdce,faa81e93-f79d-4d3d-9240-87cdf9df3633,512454,False,0.39
b15d751f-9e03-4c31-a0a3-ffc2a2dc4b15,225a160a-5d75-4b29-bf92-71897b2ffd3b,d0735a3a-00f7-406e-a083-6ecb2e2a906c,c2f4b9b4-48ee-4746-958f-6169ba532344,336229,False,0.5
29c8c006-1100-403e-811f-4b178c490d04,0f99e114-efc1-442b-b2f2-a69d9c8e538a,7d2fe52b-507f-4b6c-bd67-8a5785cdab1b,2ddf4880-95a6-4875-857d-f1d095b7fc48,379551,False,0.24
df0819c6-5426-45b0-b7d6-b5a52da4caee,1a0459d9-8966-42af-a331-87fd7525115a,4452add0-5506-4a2e-9e8d-1fa7ea6bef3b,288de4cd-bf1a-4a25-847c-68865d138b36,415929,False,0.23
ede3dbd9-2cb8-4380-9ae9-23083d371aa2,4452add0-5506-4a2e-9e8d-1fa7ea6bef3b,1b854343-efca-45d9-b0d2-5a27620265ce,faa81e93-f79d-4d3d-9240-87cdf9df3633,289110,False,0.16
432dca38-8017-47ce-b105-c664d0e909fd,1b854343-efca-45d9-b0d2-5a27620265ce,1a707ad2-ce05-46ae-8d32-021124c14ed9,2ddf4880-95a6-4875-857d-f1d095b7fc48,109594,False,0.27
a8e6a7be-5c41-4893-a98e-615e3850b586,7880ee79-5f9a-40b0-9e79-5c0999c0f0b3,7cd88969-31bc-4dea-add3-92084287c5cc,c2f4b9b4-48ee-4746-958f-6169ba532344,878237,False,0.2
c46779bc-40e7-4058-9726-caa6f4e55f30,7cd88969-31bc-4dea-add3-92084287c5cc,db1687a7-9a0f-466b-9b00-7c1d12e8c4c1,2ddf4880-95a6-4875-857d-f1d095b7fc48,914073,False,0.22
7a63ea25-9386-4eb1-8c1d-17d184032451,db1687a7-9a0f-466b-9b00-7c1d12e8c4c1,3f25f327-7f46-44d4-84bc-6a39d1e4faa1,faa81e93-f79d-4d3d-9240-87cdf9df3633,126486,False,0.19
dee2eafd-44aa-4adb-b9c3-03c1f09c7848,3f25f327-7f46-44d4-84bc-6a39d1e4faa1,8e76eb3d-3baa-4838-bcda-afb5f567d67a,288de4cd-bf1a-4a25-847c-68865d138b36,581051,False,0.05
4e902861-b9fc-4741-8032-6e48e909492c,30a132dd-c2b7-413c-a51d-033ef54e8228,02416cca-567a-41fc-bfe4-087775b54b78,288de4cd-bf1a-4a25-847c-68865d138b36,765388,False,0.25
d879e66f-6757-4d30-aa1b-a58f3519f18f,02416cca-567a-41fc-bfe4-087775b54b78,677247c5-12fa-4fa2-8b81-afde12ed6ffb,faa81e93-f79d-4d3d-9240-87cdf9df3633,629593,False,0.17
39eea9de-9cfe-4003-a926-caf615132d65,c9301802-5b73-46e0-856d-7e1a7aab6be5,72a86c3b-d1f6-4d97-9187-7ef10c14519a,8fba1efa-7c25-4a5b-b271-bb1ac4460664,162563,False,0.45
aa402669-880e-4b2a-8344-63d723f7e843,ef262f9b-12c6-4866-bede-9e8634ac8fa0,b430fd62-b24a-4825-83d2-bce7e47e3596,69cc852b-0428-432f-9fd5-25c49064f57d,185445,False,0.15
b3488e85-fd17-4652-b26c-28b07611001a,2e5cdadd-a7e4-4241-a9bf-15e5d9ca001b,c2007083-924e-4113-b1ef-57e4377bc6d8,5dbdf32d-78de-4094-b415-861af0ca99a2,415010,False,0.06
6eed61cb-0907-4fce-a876-13c0ef0e93e7,c2007083-924e-4113-b1ef-57e4377bc6d8,5542711e-7dba-4afe-972a-1e70cf18341e,69cc852b-0428-432f-9fd5-25c49064f57d,304155,True,12.6
89629062-31c9-4b95-88ac-7f7aa780a7bc,14629fb4-86dc-4aff-a2af-88950e70b8c4,30065104-04d5-4262-b62c-3dea2c5e892d,c2f4b9b4-48ee-4746-958f-6169ba532344,721659,False,0.02
e18044fc-e6c9-406f-9639-386985c5ca77,58cbada9-008e-4f05-aa59-c26ac6a0d01f,29551c79-3b06-47d9-a7ae-40a2e07fe0e4,a30de39d-9e98-4258-b754-758c8da83902,458719,False,0.15
8de93ccb-4c70-4f9c-ac1f-43460e82ca22,6b8fd008-92b1-477b-84a0-b04ffd1717ca,38bc67e2-7b09-4e22-a092-b6d82e2598c3,69cc852b-0428-432f-9fd5-25c49064f57d,882397,False,0.44
35095e51-5c6f-475c-a58a-2949b27143d2,38bc67e2-7b09-4e22-a092-b6d82e2598c3,d422d7d3-0fb4-443e-9b26-733673b088b2,5dbdf32d-78de-4094-b415-861af0ca99a2,481820,False,0.02
f5c08d28-5b14-409b-ad59-985d958fb564,d422d7d3-0fb4-443e-9b26-733673b088b2,172ecb7a-2692-47a9-9ca5-d60f789a7802,9e7e9588-92a7-42c9-9eef-e79c1acf67b7,221437,False,0.46
e0d17e32-4635-4f40-8488-bb7a194ccf26,172ecb7a-2692-47a9-9ca5-d60f789a7802,b6f3e6bf-06be-43c1-a729-58227415ac54,b091d926-3e9c-4a1f-a8da-f30db329106c,956761,False,0.16
3f1e2cf3-525a-4f73-a8b1-9fc24dbeeb2c,fdc5cc0f-4cf9-4184-838a-f816d6bf27f2,12b905c1-93dc-47e2-8870-c60d91d0ac0c,2ddf4880-95a6-4875-857d-f1d095b7fc48,620517,False,0.38
6fac9774-f70d-4639-b2e2-135ac475c620,12b905c1-93dc-47e2-8870-c60d91d0ac0c,cfda7d65-40bc-4eab-9368-c22c9fcdbdfd,c2f4b9b4-48ee-4746-958f-6169ba532344,580043,False,0.15
139357d8-d4d2-4b56-85e2-f9f1a1ab173b,a260b1aa-983d-4648-9b40-34961028a861,38bc61fe-e9a9-4e0a-b627-8a11834d1a21,5dbdf32d-78de-4094-b415-861af0ca99a2,223027,True,7.4
8d0ef45f-6efc-49ff-bda9-5ed7e41a2d59,38bc61fe-e9a9-4e0a-b627-8a11834d1a21,076ac0ef-cb88-4a15-996b-bb7026460319,9e7e9588-92a7-42c9-9eef-e79c1acf67b7,896086,False,0.19
f9814afc-9222-4694-ae7b-5b62ee8f01a1,076ac0ef-cb88-4a15-996b-bb7026460319,b67bf36b-1ffc-47f0-a676-2408b1170019,b091d926-3e9c-4a1f-a8da-f30db329106c,359785,False,0.18
7cdd2b95-f1fd-4290-a7da-fdefe49652bf,e09aa0d6-b203-4808-a8ca-7e1b1d34cbaf,c21c4ac6-d447-4c2e-a654-83bb09e7a9d5,faa81e93-f79d-4d3d-9240-87cdf9df3633,122519,False,0.49
086284d4-fe45-4c96-96fa-0bca28e4afb8,8f9fc34f-c08f-4d33-bf56-9ca0e8f5b0e3,40be537a-b6b6-4e91-98a2-85895da56b5d,288de4cd-bf1a-4a25-847c-68865d138b36,934924,False,0.4
c0390063-3771-43db-a5ee-14e7df4cbd3d,40be537a-b6b6-4e91-98a2-85895da56b5d,4124610b-658a-4cb2-97d2-dd214ce99220,faa81e93-f79d-4d3d-9240-87cdf9df3633,667400,False,0.35
53c769e3-deac-42d5-8688-b6d637f4d965,4124610b-658a-4cb2-97d2-dd214ce99220,88073ff7-b580-4fb7-911d-7294e75aeada,2ddf4880-95a6-4875-857d-f1d095b7fc48,623829,False,0.45
901569a0-7ca3-4ec4-8e7e-c804856b2e45,f9683464-b43c-49b9-9eaa-5723240c0b71,916c925f-26d0-4354-ab09-cd82e2df2546,c2f4b9b4-48ee-4746-958f-6169ba532344,604582,False,0.11
c4fa6744-bb0c-43c5-8215-1cc0d17c0c71,916c925f-26d0-4354-ab09-cd82e2df2546,9cc5601d-e1f4-44bb-9f8e-edc7475f7eda,2ddf4880-95a6-4875-857d-f1d095b7fc48,128061,False,0.19
bbf36d1d-ace9-46ab-a2ca-ce2a66f5e08e,9cc5601d-e1f4-44bb-9f8e-edc7475f7eda,bc88d5a7-2fde-4587-ac45-37116978c03e,faa81e93-f79d-4d3d-9240-87cdf9df3633,700095,False,0.19
097bfc59-ae97-473d-82c2-ec281447c922,2d1b0274-eaf9-4e81-829e-3cf326c89b33,35008f90-bcb4-4a80-b607-21d423e97c5a,b091d926-3e9c-4a1f-a8da-f30db329106c,533768,False,0.25
a79e1239-2395-4f38-bfd2-e597cead47cf,35008f90-bcb4-4a80-b607-21d423e97c5a,f2fb2edf-6758-40d0-b063-56359176e2d1,9e7e9588-92a7-42c9-9eef-e79c1acf67b7,646126,False,0.48
f4b0ffcd-1231-48fe-bd5e-0ed3dc4013c7,f2fb2edf-6758-40d0-b063-56359176e2d1,770374b7-fbf2-45ce-8d4d-d847820e2609,5dbdf32d-78de-4094-b415-861af0ca99a2,356489,False,0.03
8a93f608-7c5e-435d-88e3-285d84dd3daf,770374b7-fbf2-45ce-8d4d-d847820e2609,b6d1fd3c-e816-4b41-89b0-0f08f0d3f52e,69cc852b-0428-432f-9fd5-25c49064f57d,445718,False,0.16
06e46447-eb5c-4123-aa0a-42504e036930,b6d1fd3c-e816-4b41-89b0-0f08f0d3f52e,c6dea6ce-e741-4d4a-b545-a78bd4249185,a30de39d-9e98-4258-b754-758c8da83902,938947,False,0.46
6c83d550-2050-405d-8976-9e99f1aa5956,b1c8200a-ddb7-45cc-977b-ec305574c5fe,5293a00c-641f-4707-aa60-297194b59333,288de4cd-bf1a-4a25-847c-68865d138b36,799377,False,0.35
5ba03e91-31da-493d-af42-d473e29ef77f,44382357-ce29-4d65-990a-39ec9e93e9f2,f57ddbee-6cad-4e36-95bd-cca0dd7f04d1,c2f4b9b4-48ee-4746-958f-6169ba532344,299109,False,0.17
d68b3f36-bc97-44eb-be5c-63962a2fba5c,f57ddbee-6cad-4e36-95bd-cca0dd7f04d1,a6ae2d9b-4cf7-4da1-8164-66bb03f14744,9708822b-62d4-4ac2-ae57-f36abd36b0cb,763126,False,0.38
bb4e6d1d-6ed3-4932-8244-55244c39c3d0,fb0f2bcf-1961-4ed7-b9f2-2ec6b85bb932,e5253166-6423-4af2-a4e3-7306ec364a2a,9e7e9588-92a7-42c9-9eef-e79c1acf67b7,296826,True,11.4
c1dbfd49-07c9-49fb-b432-705238bb71e2,e5253166-6423-4af2-a4e3-7306ec364a2a,be07be19-1dd2-4b25-b3a1-16e9d0f988d9,5dbdf32d-78de-4094-b415-861af0ca99a2,859417,False,0.1
bc8e38d3-754a-4294-9276-7dc72b9f2ad8,be07be19-1dd2-4b25-b3a1-16e9d0f988d9,a544d38e-01de-4eaa-9076-5e78f7c263b9,69cc852b-0428-432f-9fd5-25c49064f57d,209548,False,0.02
760e623d-ab87-4d23-87eb-4d1372acfe5f,8c58a6ac-ce00-484a-95c4-fd83573c261b,786d800b-7a9e-4821-863d-97f6c828f781,c2f4b9b4-48ee-4746-958f-6169ba532344,114429,False,0.41
861b91ad-6ea6-480f-9022-5d1cfe13dd36,786d800b-7a9e-4821-863d-97f6c828f781,465ed0c0-4362-4d5b-b44c-a166ed9219f2,2ddf4880-95a6-4875-857d-f1d095b7fc48,664583,False,0.03
2fc1a0c0-875c-4b32-806f-5b06906c0101,465ed0c0-4362-4d5b-b44c-a166ed9219f2,21d9f67f-aab7-4a78-8911-5ece235e1571,faa81e93-f79d-4d3d-9240-87cdf9df3633,103172,False,0.44
c5737121-3423-4ba5-8af5-312afcaa0acf,21d9f67f-aab7-4a78-8911-5ece235e1571,bb72aed5-a670-4cb2-b53d-d7416155f67f,288de4cd-bf1a-4a25-847c-68865d138b36,170294,False,0.23
7fdd1fed-ef2e-4a3b-b5c2-7849a3d835d8,9afa422f-c184-41df-bf05-2fe4a2308922,759a5346-52a2-4188-9395-d0753f0bbde9,9e7e9588-92a7-42c9-9eef-e79c1acf67b7,830364,False,0.14
921c2c69-e741-487f-b482-8225409eff1f,759a5346-52a2-4188-9395-d0753f0bbde9,8040c715-a718-4560-9310-93677bc39edd,5dbdf32d-78de-4094-b415-861af0ca99a2,511770,False,0.05
b1987bf4-1508-419a-958c-89de55e09c3b,8040c715-a718-4560-9310-93677bc39edd,889d9bc1-1931-48ea-8d29-71e96dfa21e5,69cc852b-0428-432f-9fd5-25c49064f57d,302225,False,0.21
9c7cb071-8413-4fb5-aaf7-1764569710fb,b509a5a5-b6de-4d74-a013-61cd67badb38,45fc4cdd-1e4f-4039-90e1-47a76803f597,2ddf4880-95a6-4875-857d-f1d095b7fc48,978051,False,0.1
2c9b5c25-f885-4ec6-b657-433d51fe0e74,45fc4cdd-1e4f-4039-90e1-47a76803f597,4aa40445-6b71-42c1-bece-45e7c113788a,faa81e93-f79d-4d3d-9240-87cdf9df3633,798420,False,0.34
589c0923-2ff5-486f-9b9f-b68d0f3ad68b,879365dc-44f3-4c1a-84f7-291ec4291d64,31571100-29ec-4ee7-8f46-473a02ffc8ec,5dbdf32d-78de-4094-b415-861af0ca99a2,927362,False,0.49
1f43889d-c891-4f14-8278-bac5e3a91e2c,0099bdb9-c456-4c97-9ac9-53fde9dc04d9,765ed947-4bc6-4cdb-802a-e7cae7b48f6e,faa81e93-f79d-4d3d-9240-87cdf9df3633,389847,False,0.32
90b0c539-499a-413d-a0e5-1a328d0b65a4,299c76c7-5ddf-421c-b010-1d8beebcf033,2681853a-01ca-4e4c-876a-34e51de14373,5dbdf32d-78de-4094-b415-861af0ca99a2,746632,False,0.15
7b9bddd2-260d-42a5-aef6-89b01e175f77,2681853a-01ca-4e4c-876a-34e51de14373,c79bd32e-2662-403b-8fdd-c2b39382022e,9e7e9588-92a7-42c9-9eef-e79c1acf67b7,177214,False,0.33
93ddcafd-4ec4-475b-a93f-0953310276e0,14cb4489-bb83-417d-8b3f-c8e45f69012f,540f3f68-78de-4e89-9e6a-f2134f92fed5,288de4cd-bf1a-4a25-847c-68865d138b36,655603,False,0.24
82467436-7332-4962-8dac-1e6beef65ea2,8fb82658-0170-4e6b-bb86-c5b4bf5ce400,af2553a8-560c-4a87-b4ef-9e4063e906ef,faa81e93-f79d-4d3d-9240-87cdf9df3633,153812,False,0.11
de50aa42-64b6-4cd0-8ae0-d93ffda2b140,f7729f10-f546-4d7c-9483-b9c29a7479dc,586c9a88-93d9-479d-886e-62bd4b515aa7,69cc852b-0428-432f-9fd5-25c49064f57d,717286,False,0.36
f312370d-3bb5-4efd-94d2-d9007eb0f259,bef60b28-2a43-44ed-a32e-d61453e963b1,640d58ee-62ee-4fc2-b813-0037b476e737,faa81e93-f79d-4d3d-9240-87cdf9df3633,961827,False,0.43
b126b038-bc7c-4332-aa22-490f36aad885,2790c0cd-13a0-4b63-9328-c6e1bafe5508,4d818a2e-d4fb-4d53-af4e-7caccd0fe985,c2f4b9b4-48ee-4746-958f-6169ba532344,182238,False,0.44
8740fb48-d471-4429-a7ec-1d977d7dfe89,4d818a2e-d4fb-4d53-af4e-7caccd0fe985,7ccf4443-fb1f-422d-9561-a35ffcd1b77e,9708822b-62d4-4ac2-ae57-f36abd36b0cb,441382,False,0.31
4049fde5-69dc-4179-9bb9-4cedcf467384,64fba162-65cf-441a-9906-ed87ba73fb9b,5e87c6ce-2e9a-443a-a752-d6a0c729bd16,faa81e93-f79d-4d3d-9240-87cdf9df3633,883468,False,0.34
f9feba1f-0913-488f-860d-9bc31e6e6cb7,5e87c6ce-2e9a-443a-a752-d6a0c729bd16,77d33706-cad5-40b0-b3a6-7028465d328a,288de4cd-bf1a-4a25-847c-68865d138b36,782109,False,0.01
705972b1-28fc-4eb2-b2d9-442e17784cfd,c32da0a5-2590-4223-8a6a-4f554ed85b9d,885ac48b-8711-4f5e-89ec-3573f9ec80bc,faa81e93-f79d-4d3d-9240-87cdf9df3633,411203,False,0.44
351ba768-5642-4525-8834-e965c1838eec,e9aa723b-c29e-4797-88aa-c35f60de3eb2,31a09d34-ae1c-40dc-b57c-472c6399b012,c2f4b9b4-48ee-4746-958f-6169ba532344,867291,False,0.09
d23c279e-0b5b-43dd-99f1-8214fdc8b52d,599bd7c2-7ffa-45a5-9c4e-c3e98d7f73d7,2a7914ea-966a-4cdc-bc88-63ae486dfa37,8fba1efa-7c25-4a5b-b271-bb1ac4460664,817750,False,0.37
299696b8-53eb-43e4-87b4-c67241ed8685,02fa3f8b-34ea-480d-bc85-0110324441b9,d50929ac-daaf-429f-b252-81d3995ec4d6,9708822b-62d4-4ac2-ae57-f36abd36b0cb,116920,False,0.19
38c70922-558c-4658-9f6e-419fd82bf2e3,d50929ac-daaf-429f-b252-81d3995ec4d6,3964b474-c75d-4d83-b5c2-5eeaabd08dfc,c2f4b9b4-48ee-4746-958f-6169ba532344,617386,False,0.03
ab615b40-c371-44d6-9d0d-0d80117d7c58,488f9c45-9d62-4300-adb6-92cd1a2b6441,2a23e13a-32be-4fdd-ae4c-ea51f4637445,8fba1efa-7c25-4a5b-b271-bb1ac4460664,122580,False,0.22
facb4ef5-fa72-4d55-95a9-3fb279d759e4,69199c91-3454-4905-9f00-1e7c156e4e51,ac39a766-75c2-466e-9aa5-486455a32c63,b091d926-3e9c-4a1f-a8da-f30db329106c,728676,False,0.45
8d012ef6-be30-4d30-ad15-0cb3ea311a73,ac39a766-75c2-466e-9aa5-486455a32c63,bab06368-3b46-488d-b5cd-07751d34fba9,9e7e9588-92a7-42c9-9eef-e79c1acf67b7,474580,False,0.3
fd266f4b-8ad2-457f-b39a-8a46b8189c0d,d67cf141-d1e5-4194-937a-67c411b3d4e0,66f7240e-32ea-437b-ba29-1841ffbfaac2,9e7e9588-92a7-42c9-9eef-e79c1acf67b7,592715,False,0.01
5ff55e8c-9ac5-4131-a2b3-d2f80e97ac28,66f7240e-32ea-437b-ba29-1841ffbfaac2,f438b79c-f038-40ab-ad5b-7148daecc1bf,5dbdf32d-78de-4094-b415-861af0ca99a2,655501,False,0.29
13f5a4a3-ff93-480a-9df8-bf165bdaccd9,f438b79c-f038-40ab-ad5b-7148daecc1bf,8f9de936-fd1d-4bc5-baed-5b08b0ec4484,69cc852b-0428-432f-9fd5-25c49064f57d,577568,False,0.21
ddbd1822-9f61-42f0-8313-d00d3b90eb4d,8f9de936-fd1d-4bc5-baed-5b08b0ec4484,5b9030d3-f1f5-4c6e-a167-f75436e3e4e8,a30de39d-9e98-4258-b754-758c8da83902,297208,False,0.0
20e47fb5-81e1-48b8-a199-807a3b838954,239ea161-9f1d-414a-8936-bbc471ca97cf,39f588bd-5fb7-49d9-ad08-1a7994e46808,5dbdf32d-78de-4094-b415-861af0ca99a2,124247,False,0.14
ee909e62-2c6e-48b3-9a49-0b4daf19cb56,39f588bd-5fb7-49d9-ad08-1a7994e46808,d676aad4-21b4-4c51-bc5b-9884d3037d34,9e7e9588-92a7-42c9-9eef-e79c1acf67b7,449840,False,0.39
2c208ee9-15f7-4c14-9473-66ba54d17c00,829592ce-4db0-430a-911d-a22157b81dd2,3e95c7e6-c577-4956-9594-3db9308f81b1,a30de39d-9e98-4258-b754-758c8da83902,835748,False,0.24
123f578a-fe17-44a8-8cfe-e74bb4117f3a,34b5a507-9e04-4e64-b9da-6a740c4f5ba7,fa3a0f61-5197-4c3c-a080-b9174184ff29,288de4cd-bf1a-4a25-847c-68865d138b36,770023,False,0.25
28b1e9a3-ce83-4af7-8900-4b1708f9a713,fa3a0f61-5197-4c3c-a080-b9174184ff29,82f16ba7-8d25-4a79-b9d6-767ff510b09f,faa81e93-f79d-4d3d-9240-87cdf9df3633,110651,False,0.07
b9c73af3-894d-4a60-a765-2f28f9cd1465,82f16ba7-8d25-4a79-b9d6-767ff510b09f,30ec6e29-f998-4ea9-a496-3cf765828e24,2ddf4880-95a6-4875-857d-f1d095b7fc48,986378,True,14.7
47442b5c-912f-4cb1-a988-75a4643f35d8,30ec6e29-f998-4ea9-a496-3cf765828e24,36fc8cf4-fd0c-4cba-a0f0-5c1f04c5319e,c2f4b9b4-48ee-4746-958f-6169ba532344,131327,False,0.41
2696f1eb-654e-4717-b806-78686d03624d,8dab31b0-1dc6-4f4b-99d0-b6afd12f788a,df745c4b-1fad-4fe1-ae09-023746774ffc,288de4cd-bf1a-4a25-847c-68865d138b36,390009,False,0.48
4dfd90f2-ceeb-4678-8925-b538c21fead3,df745c4b-1fad-4fe1-ae09-023746774ffc,6a1ff82c-7176-4d0f-8168-12e97fff7c5d,faa81e93-f79d-4d3d-9240-87cdf9df3633,534108,False,0.04
5d770021-63ab-4f65-9d13-7bc5bfcbc2ee,e67a9137-e94e-49ad-8b20-2beab53cf738,5f40ddc1-a6a8-41f3-9716-8e42aaebfe02,faa81e93-f79d-4d3d-9240-87cdf9df3633,496974,False,0.15
e8ac558e-76c7-4151-8b62-cfbcf298c80b,1935d0ce-b420-4073-90d7-ab5faaf7f603,be4bb3b6-e0d8-42c8-8b4c-7dd96c501ba8,faa81e93-f79d-4d3d-9240-87cdf9df3633,159544,False,0.02
f2bd66bd-0a78-4ee3-99ff-8a017a78fb84,be4bb3b6-e0d8-42c8-8b4c-7dd96c501ba8,99681c8e-3826-4dbb-a77f-f77e695e4f4d,2ddf4880-95a6-4875-857d-f1d095b7fc48,537853,False,0.12
ab05735b-d13b-4965-a450-a0534958234d,99681c8e-3826-4dbb-a77f-f77e695e4f4d,40879006-032c-4ee1-b887-ad08dcfae3bf,c2f4b9b4-48ee-4746-958f-6169ba532344,422326,False,0.31
2684c3a1-33ad-4337-a71c-f9f343c407de,da4f20fb-7409-4c71-882c-4d55c2a0524f,7ad12d41-c9fb-4c59-932d-c04e053f7f1c,a30de39d-9e98-4258-b754-758c8da83902,353943,False,0.17
3ce77ecd-9a73-4e7a-b85a-675c8d253213,7ad12d41-c9fb-4c59-932d-c04e053f7f1c,597318fc-a3c9-4d5e-9116-b4a60f0dedc0,69cc852b-0428-432f-9fd5-25c49064f57d,804281,False,0.4
1cffbac4-e498-4c06-8c75-6173737d8cba,597318fc-a3c9-4d5e-9116-b4a60f0dedc0,3af67e53-c756-4490-b6a0-4cc01bdeade8,5dbdf32d-78de-4094-b415-861af0ca99a2,415854,False,0.49
58d252dc-2571-45d8-926e-94b9ccfc03e3,afee66f4-cd0e-4c87-8658-f848f037f1f2,b74f453a-52f9-450d-a744-d6f7e331e355,c2f4b9b4-48ee-4746-958f-6169ba532344,739012,False,0.01
b9457a31-7885-4569-b7c7-37f0858813cd,b74f453a-52f9-450d-a744-d6f7e331e355,3dd655d6-0dfb-4413-822c-61527acab3d2,9708822b-62d4-4ac2-ae57-f36abd36b0cb,133836,False,0.29
58fe43f7-e9a2-4707-8513-62d332590053,69651502-bbc1-4132-99ea-48990eded422,600f78f6-e0d5-4648-bd51-048692de116c,faa81e93-f79d-4d3d-9240-87cdf9df3633,420763,False,0.37
d1682d84-1327-4ed0-90c3-78478f360466,757b3b76-6a10-46d5-b99c-92d3e6d1b8c1,eb6b3abd-fead-4400-ac39-d74e4bdc9783,faa81e93-f79d-4d3d-9240-87cdf9df3633,705219,False,0.32
d96a26bb-bf5d-42ae-867e-d7c235d6c36f,5d89fbc7-93fb-4c38-a654-4a7d54608d6a,1e4fd536-5248-4267-854c-ea2e1d5f8739,c2f4b9b4-48ee-4746-958f-6169ba532344,765244,False,0.16
3ab8075a-8600-4197-9ffb-05499dcb9c8d,b4ec393a-2998-4d11-8876-123acbc6a7e6,c3c183d5-0036-4bed-a791-3fbacf4df5b1,faa81e93-f79d-4d3d-9240-87cdf9df3633,422997,False,0.46
23e1102b-be71-4b91-b7f5-4006d4a92356,12a769d4-144f-4e8e-a129-d7d3e1086b6e,4a56aa7d-048d-4360-b4b9-c550ee5b7b99,2ddf4880-95a6-4875-857d-f1d095b7fc48,233194,False,0.09
159ade73-4242-458a-ae6d-4485881a5973,60cba128-da2c-4a06-8f0b-1522e77ac635,5c46cb45-eb9e-4ff2-8a1e-32de7f0a9202,faa81e93-f79d-4d3d-9240-87cdf9df3633,732297,False,0.44
97512a0b-f155-48e3-84be-fdc7a83d40e1,fac93234-bf04-4a96-819a-731e4c392fb1,30503de4-632f-466a-a676-ab7bacd07d2b,9e7e9588-92a7-42c9-9eef-e79c1acf67b7,739799,False,0.36
1baa6820-decb-49e0-a855-c96cdd93a7b7,30503de4-632f-466a-a676-ab7bacd07d2b,756c08f3-b4e1-4615-afec-f9f37771a977,5dbdf32d-78de-4094-b415-861af0ca99a2,156411,False,0.16
7c40acfd-e07b-46c1-a50b-14501af15f95,756c08f3-b4e1-4615-afec-f9f37771a977,09058ed2-e23b-4b1d-b607-14f39879a3fc,69cc852b-0428-432f-9fd5-25c49064f57d,805226,True,15.0
376806f5-2152-49ec-879f-fd2f47720ab4,09058ed2-e23b-4b1d-b607-14f39879a3fc,a341eebd-dab9-4c4e-8c89-4203b7628812,a30de39d-9e98-4258-b754-758c8da83902,765962,False,0.42
72b64e55-31b3-4a6c-921e-9a3544c00ffe,d21f1d54-ad36-41ad-9e8c-29c1fb3c5791,86a2fad5-efca-4686-9aff-08e5c06a81e8,faa81e93-f79d-4d3d-9240-87cdf9df3633,740748,False,0.49
648589fc-fb67-410b-b1a9-0228773e8e3f,86a2fad5-efca-4686-9aff-08e5c06a81e8,38a26b79-613b-44ba-a192-d183220a5c40,288de4cd-bf1a-4a25-847c-68865d138b36,650165,False,0.21
f895331b-f013-45b8-a15b-c6fa273a6256,0cf53a76-96b5-4319-9b7f-1c626023ee0b,973e534e-3d1b-44a1-9c88-73ebba6a85f3,faa81e93-f79d-4d3d-9240-87cdf9df3633,127661,False,0.36
3c3ae278-6111-4a94-90b4-0ea882334d41,c9bc7f28-7849-48c7-8e3c-e20ea033cf30,df587ddb-571e-454a-900d-2c558dc5f131,9e7e9588-92a7-42c9-9eef-e79c1acf67b7,641846,False,0.48
66aeba55-5c99-4d07-97b8-916012cd5a11,df587ddb-571e-454a-900d-2c558dc5f131,b8298a63-69a8-46f3-b17d-288531ad8ec2,5dbdf32d-78de-4094-b415-861af0ca99a2,998255,False,0.21
43ec7ac4-9ba4-4187-b6ce-671d480625d3,b8298a63-69a8-46f3-b17d-288531ad8ec2,08c5c0a3-b71d-43b6-a772-542052420dbb,69cc852b-0428-432f-9fd5-25c49064f57d,735900,False,0.29
2af641f5-6f4d-4abe-b9ee-3cfd72136f41,08c5c0a3-b71d-43b6-a772-542052420dbb,e2962b02-763d-45ce-88a6-319dffb02a57,a30de39d-9e98-4258-b754-758c8da83902,118602,False,0.01
9a0d8ed0-616e-4946-891d-b62970c96365,40a63f0f-52ed-4f02-886e-9bfc5e7de0e2,a7f19a54-32af-44cb-b4fb-0002acb2953c,c2f4b9b4-48ee-4746-958f-6169ba532344,986525,False,0.36
9972fc47-9d55-47ce-9c29-3a9d792e7b96,31bd2cd6-4c69-4241-985f-7c8960c2a4cc,ecdcca9c-f638-4a54-b562-91375a95235b,faa81e93-f79d-4d3d-9240-87cdf9df3633,645939,False,0.13
82d95a0c-2090-4ec4-8417-0ba2dbfff7f5,cf020856-b847-438d-9c52-26fb5ae38205,1890d4cf-1329-402b-b72f-57d2fbe9a70b,288de4cd-bf1a-4a25-847c-68865d138b36,699218,False,0.48
24b35d14-a9f1-47e5-a95f-cac472a5cd61,1890d4cf-1329-402b-b72f-57d2fbe9a70b,c2b01dc9-123d-4e56-9397-eab46d22eb68,faa81e93-f79d-4d3d-9240-87cdf9df3633,395999,False,0.14
a0f8bf01-e9fe-4cff-84c8-eb83001111c2,c2b01dc9-123d-4e56-9397-eab46d22eb68,cdb4ea85-a019-4e81-b4ed-7e4b3d8076ef,2ddf4880-95a6-4875-857d-f1d095b7fc48,279105,False,0.22
61f8fd16-ee9a-47c9-bdce-3e1c8d6f1d7f,cdb4ea85-a019-4e81-b4ed-7e4b3d8076ef,a0dedc2e-b25c-4688-99a9-c2fa6f6daa1a,c2f4b9b4-48ee-4746-958f-6169ba532344,719285,False,0.08
efa16117-4ee5-4a2b-b1c1-f48fd369f6cc,9de55abe-d1b0-46a7-8de9-17d2f5a9cc6a,63fbb50e-1bad-47e1-b009-761e9701ee5d,faa81e93-f79d-4d3d-9240-87cdf9df3633,239546,False,0.2
46201d13-493b-4d9a-a3b6-2aa0fbf4a344,1f5d4f3f-85b2-4fe7-a9e8-6d2bf46189a8,0da843ac-de28-4bba-9708-47d8a0dad7ce,faa81e93-f79d-4d3d-9240-87cdf9df3633,969429,True,14.9
dffa437b-4f7d-4707-9cc7-9aea98d76f16,7b33bcf6-3a6e-4cf2-9e4d-023db9481480,537d4b8c-3f72-4083-8c2b-6f7ba4e6709f,c2f4b9b4-48ee-4746-958f-6169ba532344,896962,False,0.29
5808813f-5fc8-4af8-80f7-c13bd98d38ea,6a115228-ed2c-463a-9173-9a109df0583c,4630cebc-68f2-4d64-8599-14b8ce44c42a,288de4cd-bf1a-4a25-847c-68865d138b36,122582,False,0.48
cc1053f4-fed1-45cc-912d-586f345cc07d,4630cebc-68f2-4d64-8599-14b8ce44c42a,35e3d8b4-5c38-487c-8be3-647124092458,faa81e93-f79d-4d3d-9240-87cdf9df3633,853530,False,0.23
11252ccc-2c98-4cae-b240-37557c5227bc,35e3d8b4-5c38-487c-8be3-647124092458,d34adf9e-2ad5-41d1-a1b4-9967090eaf7d,2ddf4880-95a6-4875-857d-f1d095b7fc48,705917,False,0.14
9851c203-85d2-4091-8742-511967b56d98,d34adf9e-2ad5-41d1-a1b4-9967090eaf7d,eb1cd98f-ea06-4274-beae-dcc268917021,c2f4b9b4-48ee-4746-958f-6169ba532344,917108,False,0.22
9f2843e4-5366-4ea8-91bb-810cf5faeb9e,19a0594b-fa53-4872-aa60-12c88b4da0eb,a57437bb-4c56-4c37-8274-ec220bc175d9,faa81e93-f79d-4d3d-9240-87cdf9df3633,418885,False,0.13
c0b0d7e2-8148-464c-b151-9a5ed2ef24b1,a57437bb-4c56-4c37-8274-ec220bc175d9,8d35c75d-84fd-47b2-91b3-be17c63ff824,2ddf4880-95a6-4875-857d-f1d095b7fc48,458468,False,0.31
a7591fd8-aa7c-4ac2-af4e-94a336d0ad05,8d35c75d-84fd-47b2-91b3-be17c63ff824,542435e3-7555-4b12-bf33-b9a94d160008,c2f4b9b4-48ee-4746-958f-6169ba532344,558200,False,0.37
a06156e8-1344-4f62-b25d-02709915e880,daec3c36-8d0d-4139-889f-f2ab64220bd7,510cf149-ab72-44f4-9204-7010d5dfde92,c2f4b9b4-48ee-4746-958f-6169ba532344,909809,False,0.3
5cf467b9-1b63-44c2-80e5-7501252f15f5,1b503a55-f84d-46c3-bd37-b73f7ba850d2,d0f33455-548a-4351-b053-92e307e99009,8fba1efa-7c25-4a5b-b271-bb1ac4460664,568307,False,0.08
3da14daf-ae7f-434f-9083-d233cac9ef14,86d66126-af4a-4bef-8101-66d8414a27ad,29a8ed5a-a4f3-4719-88bd-485debf38068,9e7e9588-92a7-42c9-9eef-e79c1acf67b7,467017,False,0.36
51e86906-3046-4e2c-b9c9-0262e8d0bdc8,f6e4c49f-53c1-41d4-b4e2-b12fcd7e9bb0,eaacd484-a18f-4aeb-a274-251c37e8faa7,5dbdf32d-78de-4094-b415-861af0ca99a2,701774,False,0.06
db2c4639-9533-4e7c-982d-41a6080fc84b,eaacd484-a18f-4aeb-a274-251c37e8faa7,50e5ee3e-eb1e-49d5-8198-b3621c79d467,69cc852b-0428-432f-9fd5-25c49064f57d,486322,False,0.1
d689d419-46d9-40cf-b59b-7e94fc593de0,929b78da-7a63-42e2-b89b-f029fab018c0,8deade7e-96a8-4b44-80d6-b9b2528081e4,2ddf4880-95a6-4875-857d-f1d095b7fc48,528906,False,0.27
7962abee-1a89-4c18-b5a1-a601ef00d2f6,8deade7e-96a8-4b44-80d6-b9b2528081e4,3de38f81-704b-4cbe-8c85-313f509dc448,faa81e93-f79d-4d3d-9240-87cdf9df3633,192431,False,0.15
903324a8-7347-400d-be61-701f34a6e052,d2cf134c-54ed-40ce-b4d6-87caeec905f8,da03c262-6e6c-4a49-8f58-72248bb63dba,faa81e93-f79d-4d3d-9240-87cdf9df3633,902177,False,0.48
eb8d9e52-6045-4d14-862b-b7f7a48fbdb0,da03c262-6e6c-4a49-8f58-72248bb63dba,bb858fac-62c9-4426-a02a-057e2e4043e3,2ddf4880-95a6-4875-857d-f1d095b7fc48,396179,False,0.04
e54a122c-14c0-488f-bc9e-f1775b1c9cf1,4166985c-c7eb-4073-b6ad-524018491621,f8207e87-b894-44eb-9f2d-38a05ecb081e,9708822b-62d4-4ac2-ae57-f36abd36b0cb,880869,False,0.11
fc028f46-08da-4401-ba7a-92b0f78c259b,f8207e87-b894-44eb-9f2d-38a05ecb081e,02ff04b4-1b5e-4db0-83a9-f996e4be7978,c2f4b9b4-48ee-4746-958f-6169ba532344,594037,False,0.35
054c3c23-2276-42a3-a647-5704da0f20e6,acf64cf6-4b7c-4ec8-8f57-55aa27696198,57ed6edd-0d98-4f51-aaab-6faee4093ffa,faa81e93-f79d-4d3d-9240-87cdf9df3633,506486,False,0.36
9724a45d-f132-423e-a1e8-f04a45ac0d41,57ed6edd-0d98-4f51-aaab-6faee4093ffa,b61fb227-681f-4821-9613-6f44764f6d6e,2ddf4880-95a6-4875-857d-f1d095b7fc48,843934,False,0.14
eabbb6d3-34e0-4b96-a2dc-7193c9e22bee,b61fb227-681f-4821-9613-6f44764f6d6e,b3577eda-7dcd-45c2-9a31-4e3d0bb553fb,c2f4b9b4-48ee-4746-958f-6169ba532344,591100,False,0.32
8e55e3d6-78f5-4284-a3d0-3ba213246d5f,5c993846-795c-4d95-b982-5906025e5ae7,f434f2a1-8c8c-44e8-b976-c916ae4dcd9b,faa81e93-f79d-4d3d-9240-87cdf9df3633,508485,False,0.08
1c79769d-9d7a-4362-9617-eaf53bc2e1c2,cb3183a6-3169-4df5-811b-9350c46deddd,8a4c99a3-4c19-4c0c-b2d4-5e4e6953404b,9e7e9588-92a7-42c9-9eef-e79c1acf67b7,200837,False,0.33
87135861-2211-4980-80d7-e59c1b70598a,8a4c99a3-4c19-4c0c-b2d4-5e4e6953404b,e4bf015b-4d4b-4327-87fe-92544519d022,5dbdf32d-78de-4094-b415-861af0ca99a2,542723,False,0.13
c80cb073-ab47-4642-800b-ac82f238f176,d4dad77e-dbc8-465a-bf34-e1b675336dd7,cb397ea7-d37b-49c0-849d-0a6ddc8a60a3,faa81e93-f79d-4d3d-9240-87cdf9df3633,638455,False,0.02
5214cba1-0292-4903-811a-0f0cf2524fae,0d8d9fa5-4c1f-4578-a5ae-a9fe661633a3,0ebb4ae2-6e8c-4991-b01c-a498f036da91,2ddf4880-95a6-4875-857d-f1d095b7fc48,879143,True,11.7
b713b9dd-d8fb-49a6-bb3c-66dafc8928c5,0ebb4ae2-6e8c-4991-b01c-a498f036da91,7cf9342c-c7f7-4977-9564-539a99c19c10,faa81e93-f79d-4d3d-9240-87cdf9df3633,535294,False,0.18
1c54283f-8788-4494-aad2-40f3857497db,49685b82-470c-4953-b617-622c6c0230b8,5a3c1fac-ec43-415f-b898-b96bb1834b0e,b091d926-3e9c-4a1f-a8da-f30db329106c,877181,False,0.19
8ca34e57-88c7-4eb9-baee-554cd3aace88,5a3c1fac-ec43-415f-b898-b96bb1834b0e,cc9f1637-6b3f-4d5f-b3ca-2fca10f6815f,9e7e9588-92a7-42c9-9eef-e79c1acf67b7,984234,False,0.15
59d61073-25f3-4ae3-b297-dfe15dbb9fa0,cc9f1637-6b3f-4d5f-b3ca-2fca10f6815f,82ec9c7f-9806-441c-815a-0e9229dc1cd3,5dbdf32d-78de-4094-b415-861af0ca99a2,642905,False,0.48
105fe7ec-00bf-451f-a4ba-d0d2c3b9a709,82ec9c7f-9806-441c-815a-0e9229dc1cd3,93ff2fb3-911f-4627-ac14-c8517b96a190,69cc852b-0428-432f-9fd5-25c49064f57d,414393,False,0.07
b4946041-2d6a-44d8-a06b-bdfcea3df40f,4e74ee8a-8c00-4c2d-896f-ffefb25a1934,8856ca34-52de-45f8-8c49-56a7b67771f3,5dbdf32d-78de-4094-b415-861af0ca99a2,192715,False,0.22
2566c7b1-38dd-40b5-a69e-dfaae0e8b94a,8856ca34-52de-45f8-8c49-56a7b67771f3,6924c41d-eab1-422c-aba6-2f71612fb614,69cc852b-0428-432f-9fd5-25c49064f57d,669301,True,7.1
d3b07c62-0a10-46f1-97ec-dbeeb9e46af4,6924c41d-eab1-422c-aba6-2f71612fb614,fe26ab35-ceff-430f-b02d-5c32f4738f25,a30de39d-9e98-4258-b754-758c8da83902,288668,False,0.25
3a6cf348-4331-4f4a-896d-2610a22af849,059f6686-2869-4bbf-a59d-008e72fa1704,363de115-3d7c-4ce1-b726-1d8941d30328,faa81e93-f79d-4d3d-9240-87cdf9df3633,811362,False,0.39
a6569720-3b37-4c53-a40b-3e1ba584bcff,363de115-3d7c-4ce1-b726-1d8941d30328,ef0ce30f-5636-40c1-8037-d71141646bc8,2ddf4880-95a6-4875-857d-f1d095b7fc48,985047,False,0.27
ecbdad30-9e81-4dbd-9a70-045795563e24,ef0ce30f-5636-40c1-8037-d71141646bc8,81c5c294-d3c0-4a3e-b197-ef201bb30a80,c2f4b9b4-48ee-4746-958f-6169ba532344,636161,False,0.49
25a89814-0579-472a-9c6b-21c303527b6e,9f7b3653-81cd-4896-825b-cb068d9ccd3e,f1efbda9-5201-4fb7-86f6-a5750af472bb,faa81e93-f79d-4d3d-9240-87cdf9df3633,495320,False,0.06
49dbe471-ce34-4d90-8d91-2874ff0d274c,8b7485f5-b7ed-4c5a-9121-6096fd2e60f2,362d7731-cdbb-478b-9210-8fd9d6a464e4,faa81e93-f79d-4d3d-9240-87cdf9df3633,492666,False,0.16
1eae06b7-a2e5-4343-8800-208d828c9a27,bb278ba2-ca3a-4df1-a3dc-c5a500cb9451,c08705b3-1b0e-4065-b4cd-f9b7828edac2,a30de39d-9e98-4258-b754-758c8da83902,226954,False,0.11
47f0d84c-8dd7-43bd-8a39-5a5abb091210,c08705b3-1b0e-4065-b4cd-f9b7828edac2,e1870265-aafc-4446-be43-6cc2c13cf310,69cc852b-0428-432f-9fd5-25c49064f57d,814952,False,0.07
bad454c7-4306-4916-acf8-ec6847435224,e1870265-aafc-4446-be43-6cc2c13cf310,6e67297f-dfdd-44eb-a19b-6717a59cef28,5dbdf32d-78de-4094-b415-861af0ca99a2,429981,False,0.46
563511f4-6ffd-411b-8685-e053d9defb18,53d210ed-e25e-4fa8-b8dd-2fd12f943d74,994fe3b8-c7c1-49fd-96c9-76b949ca1397,2ddf4880-95a6-4875-857d-f1d095b7fc48,325973,False,0.27
cd489c09-8578-493d-8295-ee7e817049ff,f6278f64-5592-46b2-9ee1-deace2654250,30abac73-0d86-4efa-9e2b-e980f0e69a68,faa81e93-f79d-4d3d-9240-87cdf9df3633,286178,False,0.3
14f475a4-08ca-4336-beb7-d6959fd0fa63,976e0352-039b-4d2b-9258-b8ed7614feed,d2a027ee-0984-413a-b158-d071a332c2fd,9708822b-62d4-4ac2-ae57-f36abd36b0cb,509495,False,0.26
3741541a-9039-4724-94b1-3b2bb49ff681,d2a027ee-0984-413a-b158-d071a332c2fd,e0384b23-4c77-46af-b74f-a4695aa0e38e,c2f4b9b4-48ee-4746-958f-6169ba532344,168678,False,0.16
4091b2d4-4098-4602-a920-57c24d56cbc4,9bc39021-9ae5-4808-8992-30197741c48a,0838fc46-f9de-4825-949f-0a7f2d08ab2a,8fba1efa-7c25-4a5b-b271-bb1ac4460664,212756,False,0.46
8743638f-5998-416e-9efe-5dd331ee45e4,0195e5d4-2be2-4664-af7c-747700c659d8,e269eb88-bea8-4b3b-9ce6-f5cb6735ecba,9708822b-62d4-4ac2-ae57-f36abd36b0cb,801682,False,0.07
3b425bb6-671c-4bfc-ae8f-d693ae6ba5f2,e269eb88-bea8-4b3b-9ce6-f5cb6735ecba,9c667906-989a-4a93-8efa-32c1b7f3efc8,c2f4b9b4-48ee-4746-958f-6169ba532344,168534,False,0.35
95b25602-78c7-4728-be9a-99dd3c423f65,962fe389-04a7-468f-ae6d-7f6e54d0bcd1,8fd4facc-aaa6-459f-88c5-bf852eeebf5e,faa81e93-f79d-4d3d-9240-87cdf9df3633,301644,False,0.45
cebafa07-66ab-4eba-b2ec-2f26a1a7785c,2811bcba-52f8-4780-a476-6a148957fb18,84351781-ea6e-4fea-881c-19d9e8d1c829,288de4cd-bf1a-4a25-847c-68865d138b36,259520,False,0.21
19c05820-dabb-441d-b313-94e1a108eef2,9adb2aa6-70a9-4d14-b3dc-4ff24ad37215,43110070-a715-4f8d-a9d9-30433ab82463,c2f4b9b4-48ee-4746-958f-6169ba532344,230713,False,0.06
3be85a26-1f8d-4d7a-9e44-90f28ed66241,0caf0ad7-33c8-457b-9955-260e36543b51,81663c92-09e9-4c28-be4d-ab466508d58f,c2f4b9b4-48ee-4746-958f-6169ba532344,980409,False,0.09
c675c063-13ba-4198-975c-f6da0537592e,81663c92-09e9-4c28-be4d-ab466508d58f,fde9bc39-d784-4d40-8294-e4a27371e59f,2ddf4880-95a6-4875-857d-f1d095b7fc48,773920,False,0.25
c1beb294-ffdb-42d8-8042-77946bcd6a01,2e82d889-ac25-48ca-9bba-14a9a3afdd78,1909789e-3db2-4561-b7c5-154f468c06cb,8fba1efa-7c25-4a5b-b271-bb1ac4460664,957950,False,0.34
cbceb24c-93d9-4736-9cd3-d4b90a02353c,d3d4978f-6a7c-484d-ae33-c8dd05af9961,1f6b5bca-1012-4d93-93bb-be0b4a6d3871,8fba1efa-7c25-4a5b-b271-bb1ac4460664,907058,False,0.21
9b218087-d2a1-494c-a873-fd89f003a53a,66917386-495f-46d8-802a-64ceece67bb1,c6cd9ccb-93aa-4d8b-aef2-f402b4406ab0,faa81e93-f79d-4d3d-9240-87cdf9df3633,535452,False,0.3
5090d84b-cd36-4bae-9059-c94fc89f433d,1a509da8-cf0e-45de-86a5-b22ccd3ac03f,a55829f9-d2a8-4024-8240-743bd7d7a1eb,2ddf4880-95a6-4875-857d-f1d095b7fc48,533142,False,0.23
b99dda70-a543-463b-8545-de830d47f4df,a55829f9-d2a8-4024-8240-743bd7d7a1eb,f4412f93-dd65-465b-92bd-055068648c85,faa81e93-f79d-4d3d-9240-87cdf9df3633,923227,False,0.29
c7b54c98-221d-4391-9d30-69a71493230c,f4412f93-dd65-465b-92bd-055068648c85,8e5bc9fa-0451-48e8-b6bf-1d4ed930d60a,288de4cd-bf1a-4a25-847c-68865d138b36,364539,False,0.36
8e03f9bc-fef4-4c3d-9efa-963438ae7b13,f16fadd4-9280-48ce-8080-3061665ca1a7,70047e07-20ff-4f9e-ad6a-00d382809175,288de4cd-bf1a-4a25-847c-68865d138b36,809775,False,0.31
31e1fc1f-f60e-4f66-88e5-83bcda2dd3cc,cb68f775-4ef4-44eb-bc70-a902814edeb4,183f6deb-41cb-4741-b4ed-8e21c4285dcc,faa81e93-f79d-4d3d-9240-87cdf9df3633,253748,False,0.38
34bd8588-8db9-4ee3-9126-8afa75a41541,fc4c1ee2-888a-40ad-858d-da58bfdf0311,30f0b51d-8305-48d8-9410-481bd4ee5f64,c2f4b9b4-48ee-4746-958f-6169ba532344,192054,False,0.44
a3d78d0a-a3eb-45ec-a356-137e29aa87f8,30f0b51d-8305-48d8-9410-481bd4ee5f64,25c6603e-6ff5-4df2-a199-8f7a7144994c,9708822b-62d4-4ac2-ae57-f36abd36b0cb,413729,False,0.19
