trip_id,rated_user_id,rated_role,score
efd25c25-454d-46ca-9e9a-3833619795d6,0f7a5a1e-c1b1-4db5-b7bc-22c0b78c5171,driver,5
efd25c25-454d-46ca-9e9a-3833619795d6,a7645519-9b3e-476f-8d8a-8a010697b4eb,shipper,5
c639fbff-9171-4716-895b-f75c9629f2a1,7c1ae16d-496a-4d0f-b401-8ae3e76b86ab,driver,5
c639fbff-9171-4716-895b-f75c9629f2a1,76f544ba-8998-4824-b4d5-56daa98c200a,shipper,5
c639fbff-9171-4716-895b-f75c9629f2a1,69b345b3-ec55-408a-978c-9b0062c84f4a,driver,5
c639fbff-9171-4716-895b-f75c9629f2a1,76f544ba-8998-4824-b4d5-56daa98c200a,shipper,5
c639fbff-9171-4716-895b-f75c9629f2a1,7c1ae16d-496a-4d0f-b401-8ae3e76b86ab,driver,5
c639fbff-9171-4716-895b-f75c9629f2a1,76f544ba-8998-4824-b4d5-56daa98c200a,shipper,4
8001df3a-08b6-4fa5-9823-43a4b730ad42,18302a3a-1801-411a-8579-869b4ba4edff,driver,5
8001df3a-08b6-4fa5-9823-43a4b730ad42,ea7b654c-22fa-4491-ab89-99c8a8867ddd,shipper,5
45020081-e260-4c9e-9c5f-a5ae2c119b0b,6d65ee0b-0d87-4816-9b43-1e74af2b76bd,driver,4
45020081-e260-4c9e-9c5f-a5ae2c119b0b,0dc0c367-01cf-40ab-b90a-05ea11e33f4a,shipper,5
3119c52e-a0a1-4794-b01f-99dd5b3ddbed,66e7f631-029c-4810-92a9-8026854edd3f,driver,5
3119c52e-a0a1-4794-b01f-99dd5b3ddbed,b492e2f5-6a42-4f99-be10-1e4f3b586961,shipper,5
3119c52e-a0a1-4794-b01f-99dd5b3ddbed,69b345b3-ec55-408a-978c-9b0062c84f4a,driver,5
3119c52e-a0a1-4794-b01f-99dd5b3ddbed,b492e2f5-6a42-4f99-be10-1e4f3b586961,shipper,4
3ef2bd11-186b-4af5-9f61-40fe93be1782,bda819c9-5bc1-45c0-b673-47f1f8fc1da8,driver,5
3ef2bd11-186b-4af5-9f61-40fe93be1782,2b486a78-d8e7-4e32-8e0d-83d29071cef6,shipper,4
b02f4683-a8aa-46d0-b13d-12d0981a4cf2,26501679-586c-4236-a890-97e1687dc818,driver,5
b02f4683-a8aa-46d0-b13d-12d0981a4cf2,acf70833-a3ac-4efb-bf9f-004b099d3b76,shipper,5
676b4666-d6da-456a-9b7d-60b8eda8d5a7,9db88e80-6a44-4430-b307-494694355bcb,driver,4
676b4666-d6da-456a-9b7d-60b8eda8d5a7,c115ef9a-c3d3-4ecc-8811-204f2f9cc20b,shipper,3
676b4666-d6da-456a-9b7d-60b8eda8d5a7,3fc247b8-f090-4cea-81a6-9112ffe9f796,driver,5
676b4666-d6da-456a-9b7d-60b8eda8d5a7,c115ef9a-c3d3-4ecc-8811-204f2f9cc20b,shipper,5
61236dd4-e2f1-45de-9846-9a98eab2aecc,3fc247b8-f090-4cea-81a6-9112ffe9f796,driver,5
61236dd4-e2f1-45de-9846-9a98eab2aecc,51efcc79-33f3-4355-a328-afb72c842614,shipper,5
1b761564-ee92-489f-8f61-9ba7655bb5e9,463a85e7-e033-4bec-a267-bfa7aa85640d,driver,5
1b761564-ee92-489f-8f61-9ba7655bb5e9,ec1e4398-36b8-450f-b963-19359949e34c,shipper,4
2fcfe58b-49ae-4050-8e1c-4e5cb93e44b2,310f7ff6-c724-4278-b409-74d1ab8bf019,driver,3
2fcfe58b-49ae-4050-8e1c-4e5cb93e44b2,bfdb26b1-0506-4a6c-9fb9-f9174984b376,shipper,5
2fcfe58b-49ae-4050-8e1c-4e5cb93e44b2,083714ac-54b3-4d64-bc00-704dc355b5f8,driver,5
2fcfe58b-49ae-4050-8e1c-4e5cb93e44b2,bfdb26b1-0506-4a6c-9fb9-f9174984b376,shipper,4
2fcfe58b-49ae-4050-8e1c-4e5cb93e44b2,b41f802e-0393-409e-935b-003cfa28c0bd,driver,5
2fcfe58b-49ae-4050-8e1c-4e5cb93e44b2,bfdb26b1-0506-4a6c-9fb9-f9174984b376,shipper,5
2fcfe58b-49ae-4050-8e1c-4e5cb93e44b2,8462dc55-59d5-47f4-8209-5f47c6bf99ca,driver,5
2fcfe58b-49ae-4050-8e1c-4e5cb93e44b2,bfdb26b1-0506-4a6c-9fb9-f9174984b376,shipper,5
f10ce9bb-1830-4cee-bc2b-ac97e3c9154e,083714ac-54b3-4d64-bc00-704dc355b5f8,driver,4
f10ce9bb-1830-4cee-bc2b-ac97e3c9154e,76f544ba-8998-4824-b4d5-56daa98c200a,shipper,5
f10ce9bb-1830-4cee-bc2b-ac97e3c9154e,894888f1-c248-403f-aca9-cddaac265db4,driver,5
f10ce9bb-1830-4cee-bc2b-ac97e3c9154e,76f544ba-8998-4824-b4d5-56daa98c200a,shipper,3
a1dbeb6f-c68e-4f98-83f4-f1919e111e8a,ade5ec49-869b-47d3-b852-1a9ceedbe841,driver,5
a1dbeb6f-c68e-4f98-83f4-f1919e111e8a,3a383b31-c880-407c-a179-71f2a88107fc,shipper,4
a1dbeb6f-c68e-4f98-83f4-f1919e111e8a,d265c88a-1052-4bc1-b426-bc9a3e77f666,driver,5
a1dbeb6f-c68e-4f98-83f4-f1919e111e8a,3a383b31-c880-407c-a179-71f2a88107fc,shipper,5
a1dbeb6f-c68e-4f98-83f4-f1919e111e8a,a2de8edd-b399-484f-8151-3a5ef1d893b0,driver,4
a1dbeb6f-c68e-4f98-83f4-f1919e111e8a,3a383b31-c880-407c-a179-71f2a88107fc,shipper,5
2754b607-62ff-4ff3-9104-dbfe505cd22b,c787e085-877f-4d78-a2c0-2d7e54816f5c,driver,5
2754b607-62ff-4ff3-9104-dbfe505cd22b,04582f7f-ed21-4cdd-bcd8-78f4cf0352e5,shipper,5
2754b607-62ff-4ff3-9104-dbfe505cd22b,eef8d72c-0ab6-40fa-a165-615edc5821f1,driver,5
2754b607-62ff-4ff3-9104-dbfe505cd22b,04582f7f-ed21-4cdd-bcd8-78f4cf0352e5,shipper,3
2754b607-62ff-4ff3-9104-dbfe505cd22b,5a546a9f-4ddf-4c19-9b83-d659726fc137,driver,3
2754b607-62ff-4ff3-9104-dbfe505cd22b,04582f7f-ed21-4cdd-bcd8-78f4cf0352e5,shipper,5
2754b607-62ff-4ff3-9104-dbfe505cd22b,af78bf6c-b541-45e3-93dd-9a69ae91a9ae,driver,5
2754b607-62ff-4ff3-9104-dbfe505cd22b,04582f7f-ed21-4cdd-bcd8-78f4cf0352e5,shipper,4
a6b23575-52eb-4a6f-bafb-25a1798c1e8e,1f148489-0bcb-4470-8354-42eed5c4f971,driver,5
a6b23575-52eb-4a6f-bafb-25a1798c1e8e,6c310b34-f78a-40ad-b220-742a88107c5c,shipper,5
a6b23575-52eb-4a6f-bafb-25a1798c1e8e,0b6812d6-5270-4d50-bba5-1cd2f77ebe2e,driver,5
a6b23575-52eb-4a6f-bafb-25a1798c1e8e,6c310b34-f78a-40ad-b220-742a88107c5c,shipper,2
a6b23575-52eb-4a6f-bafb-25a1798c1e8e,66e7f631-029c-4810-92a9-8026854edd3f,driver,5
a6b23575-52eb-4a6f-bafb-25a1798c1e8e,6c310b34-f78a-40ad-b220-742a88107c5c,shipper,3
a6b23575-52eb-4a6f-bafb-25a1798c1e8e,69b345b3-ec55-408a-978c-9b0062c84f4a,driver,5
a6b23575-52eb-4a6f-bafb-25a1798c1e8e,6c310b34-f78a-40ad-b220-742a88107c5c,shipper,5
3e06902c-652c-415e-93f3-31c0f7c5b45d,3fc6f138-6045-4882-8a16-2692f69d4228,driver,5
3e06902c-652c-415e-93f3-31c0f7c5b45d,06d5365a-26eb-48dd-ae1b-7ea110ad54fe,shipper,5
7ba4808c-2c2a-4d45-8b20-3d65afd7e3ae,6be0475c-e19c-4d4f-aced-f1b613d87548,driver,5
7ba4808c-2c2a-4d45-8b20-3d65afd7e3ae,1194059e-ad07-4b75-b221-99930a47c946,shipper,5
b199014e-c8c0-41f3-9bb6-e99da881c365,463a85e7-e033-4bec-a267-bfa7aa85640d,driver,5
b199014e-c8c0-41f3-9bb6-e99da881c365,b7a6360c-db10-4b79-8d2e-c1e8ed83ba8d,shipper,2
49fc4b6e-ff31-4d4e-a9a8-f633d9b3f2fd,26501679-586c-4236-a890-97e1687dc818,driver,3
49fc4b6e-ff31-4d4e-a9a8-f633d9b3f2fd,0d40c9b7-2d30-4bf8-80aa-28c821e3e77e,shipper,5
f3804879-7198-4371-adfc-0b68958734fd,2d28751d-70ba-4487-82d5-095cea62b22f,driver,4
f3804879-7198-4371-adfc-0b68958734fd,dfe38341-ca49-46d7-ad32-5e3eb2212bc0,shipper,5
62704371-123b-4455-a471-0cb9e1bc4b1a,4c8a509f-04a9-4a9e-95f2-50c885ca0979,driver,5
62704371-123b-4455-a471-0cb9e1bc4b1a,9e263c2e-2cf7-44cd-81e5-75a0252945a1,shipper,5
900c772b-766b-42ef-b0c8-129c1ccf10d7,3fc247b8-f090-4cea-81a6-9112ffe9f796,driver,4
900c772b-766b-42ef-b0c8-129c1ccf10d7,76f544ba-8998-4824-b4d5-56daa98c200a,shipper,5
60174973-cba4-495e-810f-79e378dfb3fe,90ef76ca-622f-43be-be2f-27f0a925941a,driver,4
60174973-cba4-495e-810f-79e378dfb3fe,ac88543f-e08e-4905-a612-03108c121e77,shipper,5
248ec5ba-37b2-462b-af45-39005d0461e6,66e7f631-029c-4810-92a9-8026854edd3f,driver,5
248ec5ba-37b2-462b-af45-39005d0461e6,7a1bf95b-8ddc-4f32-ab6e-622e3c3458c8,shipper,5
886d0ab5-4a9b-4950-a585-d8d68e0be93c,6d65ee0b-0d87-4816-9b43-1e74af2b76bd,driver,5
886d0ab5-4a9b-4950-a585-d8d68e0be93c,8954a194-e046-4e2c-a608-b07aa40c26bd,shipper,5
886d0ab5-4a9b-4950-a585-d8d68e0be93c,f0496c8a-1f5c-4cdb-b570-7a6925cd94f7,driver,5
886d0ab5-4a9b-4950-a585-d8d68e0be93c,8954a194-e046-4e2c-a608-b07aa40c26bd,shipper,4
87eb2522-e4f9-4f44-8c1b-b461a09ffc74,8b1e91b6-790d-4773-851a-de018a249cec,driver,5
87eb2522-e4f9-4f44-8c1b-b461a09ffc74,e5258953-268d-4e11-b71a-c19edda49cd2,shipper,5
09f39325-934b-471f-b59e-2bd4273c59b0,2d28751d-70ba-4487-82d5-095cea62b22f,driver,4
09f39325-934b-471f-b59e-2bd4273c59b0,a42fbc97-be1c-48df-ae6c-fc57046f0193,shipper,5
09f39325-934b-471f-b59e-2bd4273c59b0,6be0475c-e19c-4d4f-aced-f1b613d87548,driver,5
09f39325-934b-471f-b59e-2bd4273c59b0,a42fbc97-be1c-48df-ae6c-fc57046f0193,shipper,5
3f1b6d61-91c8-4c09-b64b-174151917066,f90f6baa-4c59-416d-9cdd-708265156686,driver,3
3f1b6d61-91c8-4c09-b64b-174151917066,96e0997f-71e3-49bb-9385-df9a5edbd8ec,shipper,4
73f667d6-dfba-4207-8471-1471e0fa3f2d,aecd6e72-018b-448f-a8dd-3e84d11fdeea,driver,4
73f667d6-dfba-4207-8471-1471e0fa3f2d,3739c72a-20b4-44d4-b7a8-f273b36cc3b6,shipper,5
abcc1269-7d22-4322-9c5e-ad8c3e27f61a,f90f6baa-4c59-416d-9cdd-708265156686,driver,5
abcc1269-7d22-4322-9c5e-ad8c3e27f61a,d2dcf6fa-48e9-4efc-ae7e-fd8c6782a43a,shipper,5
5186df5f-6ed8-4587-a5e8-730e82c8e9ed,6478d1df-2c1f-4f3c-aa1e-03fde769c1f7,driver,5
5186df5f-6ed8-4587-a5e8-730e82c8e9ed,9ecf3184-be14-4e87-8eb0-7cf6075b8801,shipper,5
89cc8959-51d0-45b5-ac54-8ff1227f2b4c,69b345b3-ec55-408a-978c-9b0062c84f4a,driver,5
89cc8959-51d0-45b5-ac54-8ff1227f2b4c,bfdb26b1-0506-4a6c-9fb9-f9174984b376,shipper,3
89cc8959-51d0-45b5-ac54-8ff1227f2b4c,69dc6351-3e90-4155-9ccd-371b5c0cdbf3,driver,4
89cc8959-51d0-45b5-ac54-8ff1227f2b4c,bfdb26b1-0506-4a6c-9fb9-f9174984b376,shipper,5
56d7b728-fe0a-464b-bce4-7af2983d5b6d,b05b01d0-a319-4a48-8fe3-e2a08529ea69,driver,5
56d7b728-fe0a-464b-bce4-7af2983d5b6d,b70babee-6437-4c10-867e-70855a5d76bc,shipper,4
56d7b728-fe0a-464b-bce4-7af2983d5b6d,0eefecd2-5b8c-4f61-ae34-838b16b53659,driver,3
56d7b728-fe0a-464b-bce4-7af2983d5b6d,b70babee-6437-4c10-867e-70855a5d76bc,shipper,4
56d7b728-fe0a-464b-bce4-7af2983d5b6d,90ef76ca-622f-43be-be2f-27f0a925941a,driver,5
56d7b728-fe0a-464b-bce4-7af2983d5b6d,b70babee-6437-4c10-867e-70855a5d76bc,shipper,5
88d0d480-b78b-45a8-9812-f7d8d8a471b7,0f6665ac-5ddd-43a7-a9a3-d15d46cfbc97,driver,5
88d0d480-b78b-45a8-9812-f7d8d8a471b7,acf70833-a3ac-4efb-bf9f-004b099d3b76,shipper,4
88d0d480-b78b-45a8-9812-f7d8d8a471b7,b41f802e-0393-409e-935b-003cfa28c0bd,driver,4
88d0d480-b78b-45a8-9812-f7d8d8a471b7,acf70833-a3ac-4efb-bf9f-004b099d3b76,shipper,5
9cdb30cb-3e2a-4721-992d-b7fec2ebad6f,5a546a9f-4ddf-4c19-9b83-d659726fc137,driver,4
9cdb30cb-3e2a-4721-992d-b7fec2ebad6f,c722a9a6-9f4d-465a-8fc9-be9b8c2950cf,shipper,5
afee2a8a-2d5d-4868-8ea3-71efe17b508d,1f148489-0bcb-4470-8354-42eed5c4f971,driver,5
afee2a8a-2d5d-4868-8ea3-71efe17b508d,06026cca-64bc-4f03-a479-e510ca475f6b,shipper,5
afee2a8a-2d5d-4868-8ea3-71efe17b508d,eda803f0-7286-45ff-8f75-84584956b46f,driver,5
afee2a8a-2d5d-4868-8ea3-71efe17b508d,06026cca-64bc-4f03-a479-e510ca475f6b,shipper,5
6adb0396-5766-41ab-b773-7ed29da4883b,310f7ff6-c724-4278-b409-74d1ab8bf019,driver,5
6adb0396-5766-41ab-b773-7ed29da4883b,9f27e1b9-013a-4442-89e7-cdad839d9e13,shipper,2
73e8644d-5dea-4c72-a4c9-9bccc400ac1d,083442ef-2844-4bf4-90c7-0a4c51e16ed0,driver,5
73e8644d-5dea-4c72-a4c9-9bccc400ac1d,06026cca-64bc-4f03-a479-e510ca475f6b,shipper,5
73e8644d-5dea-4c72-a4c9-9bccc400ac1d,fc6966be-098b-43a6-a653-1fa3b599e23e,driver,5
73e8644d-5dea-4c72-a4c9-9bccc400ac1d,06026cca-64bc-4f03-a479-e510ca475f6b,shipper,5
0e9acd40-cede-4143-b669-d922755831ed,6478d1df-2c1f-4f3c-aa1e-03fde769c1f7,driver,5
0e9acd40-cede-4143-b669-d922755831ed,3a9c9ffc-5812-45ae-9d2d-64da1936b8ca,shipper,4
07b6caa5-d8ad-4a11-a54f-d2bc275d99fa,0f6665ac-5ddd-43a7-a9a3-d15d46cfbc97,driver,5
07b6caa5-d8ad-4a11-a54f-d2bc275d99fa,8954a194-e046-4e2c-a608-b07aa40c26bd,shipper,5
07b6caa5-d8ad-4a11-a54f-d2bc275d99fa,00d3503e-ffe5-4e26-84be-9007a8a81e4c,driver,5
07b6caa5-d8ad-4a11-a54f-d2bc275d99fa,8954a194-e046-4e2c-a608-b07aa40c26bd,shipper,5
07b6caa5-d8ad-4a11-a54f-d2bc275d99fa,894888f1-c248-403f-aca9-cddaac265db4,driver,5
07b6caa5-d8ad-4a11-a54f-d2bc275d99fa,8954a194-e046-4e2c-a608-b07aa40c26bd,shipper,4
491866c3-c25d-4872-9992-cb33d77a82cb,66e7f631-029c-4810-92a9-8026854edd3f,driver,5
491866c3-c25d-4872-9992-cb33d77a82cb,4752ae33-8c47-40e1-be3b-c97c51f20f83,shipper,5
491866c3-c25d-4872-9992-cb33d77a82cb,a2de8edd-b399-484f-8151-3a5ef1d893b0,driver,3
491866c3-c25d-4872-9992-cb33d77a82cb,4752ae33-8c47-40e1-be3b-c97c51f20f83,shipper,5
491866c3-c25d-4872-9992-cb33d77a82cb,69b345b3-ec55-408a-978c-9b0062c84f4a,driver,5
491866c3-c25d-4872-9992-cb33d77a82cb,4752ae33-8c47-40e1-be3b-c97c51f20f83,shipper,5
7910ed7a-8a5f-4399-a824-c68da863bda0,c787e085-877f-4d78-a2c0-2d7e54816f5c,driver,5
7910ed7a-8a5f-4399-a824-c68da863bda0,c4b8b594-8b83-48b6-a596-a272c0c5287a,shipper,5
7910ed7a-8a5f-4399-a824-c68da863bda0,3fc247b8-f090-4cea-81a6-9112ffe9f796,driver,2
7910ed7a-8a5f-4399-a824-c68da863bda0,c4b8b594-8b83-48b6-a596-a272c0c5287a,shipper,5
b30c9bc2-273b-4744-84bb-d4b02fd46fc1,69b345b3-ec55-408a-978c-9b0062c84f4a,driver,4
b30c9bc2-273b-4744-84bb-d4b02fd46fc1,8d627e20-a47a-4129-a380-eb616c6dd69e,shipper,5
0b6b10f0-9b87-4ea4-b560-39b3ac235074,0f6665ac-5ddd-43a7-a9a3-d15d46cfbc97,driver,5
0b6b10f0-9b87-4ea4-b560-39b3ac235074,b926056f-973d-43f1-8e47-87fa4b016be1,shipper,4
a63d1002-b7a1-4d5a-b39b-469de5fe3b21,0790fa20-df4f-43aa-b491-56eb44a3e0b6,driver,5
a63d1002-b7a1-4d5a-b39b-469de5fe3b21,56668049-7c88-4471-a3f5-93584b6849c1,shipper,5
a63d1002-b7a1-4d5a-b39b-469de5fe3b21,c787e085-877f-4d78-a2c0-2d7e54816f5c,driver,5
a63d1002-b7a1-4d5a-b39b-469de5fe3b21,56668049-7c88-4471-a3f5-93584b6849c1,shipper,5
0cbfdfaf-6e02-487c-9b32-c164fd6fb0c5,7c1ae16d-496a-4d0f-b401-8ae3e76b86ab,driver,3
0cbfdfaf-6e02-487c-9b32-c164fd6fb0c5,6b14af5e-c2ea-473a-8be5-ec8a0c5317d6,shipper,4
0b9afde7-67a5-4d22-a4f3-871b35f2eeb3,0b6812d6-5270-4d50-bba5-1cd2f77ebe2e,driver,5
0b9afde7-67a5-4d22-a4f3-871b35f2eeb3,883c0ce7-ba51-4e8b-a858-01227935d801,shipper,5
8b7c7b2c-93f8-45a5-a11f-ce138aacc895,f9bb1bc7-b852-4cb0-9053-42f9f3eea8bc,driver,4
8b7c7b2c-93f8-45a5-a11f-ce138aacc895,05bca4d0-e57e-4319-9aad-09bd603ef17a,shipper,5
1dd5e4bb-f793-4e64-bf68-8290aaa739fd,2d28751d-70ba-4487-82d5-095cea62b22f,driver,4
1dd5e4bb-f793-4e64-bf68-8290aaa739fd,095ad917-ac53-451c-97d2-405f4aca498f,shipper,4
1dd5e4bb-f793-4e64-bf68-8290aaa739fd,0eefecd2-5b8c-4f61-ae34-838b16b53659,driver,5
1dd5e4bb-f793-4e64-bf68-8290aaa739fd,095ad917-ac53-451c-97d2-405f4aca498f,shipper,4
a531b1f8-65d8-4242-8bcc-51afc6638077,be09b6f7-4efa-4ac9-b363-71f395b927fa,driver,5
a531b1f8-65d8-4242-8bcc-51afc6638077,76f544ba-8998-4824-b4d5-56daa98c200a,shipper,2
124b6a2b-9f20-4d2a-8030-9686b8e6fa11,9db88e80-6a44-4430-b307-494694355bcb,driver,4
124b6a2b-9f20-4d2a-8030-9686b8e6fa11,c8bbf470-efb2-40c7-be1b-1e6a320fe008,shipper,5
0afdca80-6bdc-4e66-acb9-864302130cb4,b05b01d0-a319-4a48-8fe3-e2a08529ea69,driver,5
0afdca80-6bdc-4e66-acb9-864302130cb4,dd1f7c85-51f1-402e-b9f6-ab2f6e4865ba,shipper,5
0afdca80-6bdc-4e66-acb9-864302130cb4,6d65ee0b-0d87-4816-9b43-1e74af2b76bd,driver,5
0afdca80-6bdc-4e66-acb9-864302130cb4,dd1f7c85-51f1-402e-b9f6-ab2f6e4865ba,shipper,5
0afdca80-6bdc-4e66-acb9-864302130cb4,2d28751d-70ba-4487-82d5-095cea62b22f,driver,5
0afdca80-6bdc-4e66-acb9-864302130cb4,dd1f7c85-51f1-402e-b9f6-ab2f6e4865ba,shipper,5
5dedb6d9-f352-440c-bf57-25bec18c0902,1f148489-0bcb-4470-8354-42eed5c4f971,driver,5
5dedb6d9-f352-440c-bf57-25bec18c0902,544105af-97ea-4526-94ec-724000ecf88c,shipper,5
5dedb6d9-f352-440c-bf57-25bec18c0902,3fc247b8-f090-4cea-81a6-9112ffe9f796,driver,5
5dedb6d9-f352-440c-bf57-25bec18c0902,544105af-97ea-4526-94ec-724000ecf88c,shipper,5
3e2e69e5-a385-4bf7-af8d-8fc95f29812a,0790fa20-df4f-43aa-b491-56eb44a3e0b6,driver,5
3e2e69e5-a385-4bf7-af8d-8fc95f29812a,ab560d2e-94e2-497d-b2e2-5e0a0ba57fca,shipper,4
300822cf-caf1-4c7d-9cda-5331dcc7fa0f,bda819c9-5bc1-45c0-b673-47f1f8fc1da8,driver,5
300822cf-caf1-4c7d-9cda-5331dcc7fa0f,78f793c7-edba-4168-bc93-724607d87072,shipper,4
300822cf-caf1-4c7d-9cda-5331dcc7fa0f,0f7a5a1e-c1b1-4db5-b7bc-22c0b78c5171,driver,5
300822cf-caf1-4c7d-9cda-5331dcc7fa0f,78f793c7-edba-4168-bc93-724607d87072,shipper,5
70271649-a61b-448b-a9b3-1c7503bd7913,0790fa20-df4f-43aa-b491-56eb44a3e0b6,driver,5
70271649-a61b-448b-a9b3-1c7503bd7913,21faef45-ee46-4f38-a134-444f1c0f4acc,shipper,4
70271649-a61b-448b-a9b3-1c7503bd7913,b05b01d0-a319-4a48-8fe3-e2a08529ea69,driver,5
70271649-a61b-448b-a9b3-1c7503bd7913,21faef45-ee46-4f38-a134-444f1c0f4acc,shipper,5
a2367d4a-c2ca-4d2b-8d85-e693b07258d6,0f6665ac-5ddd-43a7-a9a3-d15d46cfbc97,driver,4
a2367d4a-c2ca-4d2b-8d85-e693b07258d6,8954a194-e046-4e2c-a608-b07aa40c26bd,shipper,5
404d8f70-8c25-4a22-b95a-69c93a60dd4f,fc6966be-098b-43a6-a653-1fa3b599e23e,driver,4
404d8f70-8c25-4a22-b95a-69c93a60dd4f,56668049-7c88-4471-a3f5-93584b6849c1,shipper,4
6b57eef4-9b09-4e10-a06b-2d3aa6b3854f,eda803f0-7286-45ff-8f75-84584956b46f,driver,5
6b57eef4-9b09-4e10-a06b-2d3aa6b3854f,4752ae33-8c47-40e1-be3b-c97c51f20f83,shipper,5
6b57eef4-9b09-4e10-a06b-2d3aa6b3854f,1f148489-0bcb-4470-8354-42eed5c4f971,driver,5
6b57eef4-9b09-4e10-a06b-2d3aa6b3854f,4752ae33-8c47-40e1-be3b-c97c51f20f83,shipper,5
6b57eef4-9b09-4e10-a06b-2d3aa6b3854f,eef8d72c-0ab6-40fa-a165-615edc5821f1,driver,5
6b57eef4-9b09-4e10-a06b-2d3aa6b3854f,4752ae33-8c47-40e1-be3b-c97c51f20f83,shipper,2
7a97cd28-c463-4dfc-95c1-ed0136133973,3cb3181a-1d19-4827-b8eb-3faba1e231e3,driver,4
7a97cd28-c463-4dfc-95c1-ed0136133973,d0236f2e-c357-47b0-a24a-dc8f2daf3028,shipper,5
6e0dae3e-9ce4-4c1c-9907-f39f6b605db8,083442ef-2844-4bf4-90c7-0a4c51e16ed0,driver,5
6e0dae3e-9ce4-4c1c-9907-f39f6b605db8,0d40c9b7-2d30-4bf8-80aa-28c821e3e77e,shipper,5
a08fb471-7194-4146-9882-dff9f6caf169,90ef76ca-622f-43be-be2f-27f0a925941a,driver,4
a08fb471-7194-4146-9882-dff9f6caf169,0c5b9a76-0df0-4cfe-a517-44dacd1d83a5,shipper,5
b052faec-bd8e-4e7a-b92b-48d7193a9b87,eda803f0-7286-45ff-8f75-84584956b46f,driver,4
b052faec-bd8e-4e7a-b92b-48d7193a9b87,8d627e20-a47a-4129-a380-eb616c6dd69e,shipper,5
c64b260b-c732-4895-bb93-6987f333f078,7a135a62-fc87-4ff4-aa59-1019fc6df31e,driver,3
c64b260b-c732-4895-bb93-6987f333f078,237759a4-ad01-4dd7-b41f-44c926dac557,shipper,5
8aaf727a-cf34-4a6d-bafe-40ed5c9628f8,bda819c9-5bc1-45c0-b673-47f1f8fc1da8,driver,4
8aaf727a-cf34-4a6d-bafe-40ed5c9628f8,c722a9a6-9f4d-465a-8fc9-be9b8c2950cf,shipper,5
8aaf727a-cf34-4a6d-bafe-40ed5c9628f8,40e70bd2-0f4c-4ed4-8b62-55fce5047760,driver,4
8aaf727a-cf34-4a6d-bafe-40ed5c9628f8,c722a9a6-9f4d-465a-8fc9-be9b8c2950cf,shipper,4
eae78d03-a81d-4473-895d-7954c5dd68b5,a2de8edd-b399-484f-8151-3a5ef1d893b0,driver,4
eae78d03-a81d-4473-895d-7954c5dd68b5,8bc68c2d-5e9f-427f-a3a6-27f8c0588634,shipper,5
a6696f47-89a2-4dcd-9ce4-7949378fb65f,00d3503e-ffe5-4e26-84be-9007a8a81e4c,driver,5
a6696f47-89a2-4dcd-9ce4-7949378fb65f,1b352524-fa65-4d40-adc4-c3b6ec9b1862,shipper,5
a6696f47-89a2-4dcd-9ce4-7949378fb65f,3fc6f138-6045-4882-8a16-2692f69d4228,driver,4
a6696f47-89a2-4dcd-9ce4-7949378fb65f,1b352524-fa65-4d40-adc4-c3b6ec9b1862,shipper,5
a6696f47-89a2-4dcd-9ce4-7949378fb65f,4c8a509f-04a9-4a9e-95f2-50c885ca0979,driver,5
a6696f47-89a2-4dcd-9ce4-7949378fb65f,1b352524-fa65-4d40-adc4-c3b6ec9b1862,shipper,4
8a81e296-3f7e-49d1-b984-aac0663545e7,3fc6f138-6045-4882-8a16-2692f69d4228,driver,4
8a81e296-3f7e-49d1-b984-aac0663545e7,579cb585-d846-49eb-bef7-e51402810c4e,shipper,5
72b61a2a-9b76-45c5-a80f-866da32c75b4,0aa62c09-bc7a-4951-9708-4a86275ad8c6,driver,5
72b61a2a-9b76-45c5-a80f-866da32c75b4,ea7b654c-22fa-4491-ab89-99c8a8867ddd,shipper,5
72b61a2a-9b76-45c5-a80f-866da32c75b4,463a85e7-e033-4bec-a267-bfa7aa85640d,driver,5
72b61a2a-9b76-45c5-a80f-866da32c75b4,ea7b654c-22fa-4491-ab89-99c8a8867ddd,shipper,5
72b61a2a-9b76-45c5-a80f-866da32c75b4,083714ac-54b3-4d64-bc00-704dc355b5f8,driver,5
72b61a2a-9b76-45c5-a80f-866da32c75b4,ea7b654c-22fa-4491-ab89-99c8a8867ddd,shipper,4
b601e726-b663-4c12-8fc0-e59ae6842dbc,0eefecd2-5b8c-4f61-ae34-838b16b53659,driver,4
b601e726-b663-4c12-8fc0-e59ae6842dbc,9f9a60a1-b182-4190-b274-35482830e3d2,shipper,5
24181fd0-bf9f-4f99-8a71-e33149146444,310f7ff6-c724-4278-b409-74d1ab8bf019,driver,3
24181fd0-bf9f-4f99-8a71-e33149146444,9d4ddc89-e9dc-40fc-b003-9b8d2c0714ae,shipper,5
bd935b53-8375-48f9-858b-ee9a57789dd1,d265c88a-1052-4bc1-b426-bc9a3e77f666,driver,5
bd935b53-8375-48f9-858b-ee9a57789dd1,ac88543f-e08e-4905-a612-03108c121e77,shipper,5
bd935b53-8375-48f9-858b-ee9a57789dd1,3fc247b8-f090-4cea-81a6-9112ffe9f796,driver,4
bd935b53-8375-48f9-858b-ee9a57789dd1,ac88543f-e08e-4905-a612-03108c121e77,shipper,5
6dd57424-229d-48d1-868b-14d8be427aca,3fc6f138-6045-4882-8a16-2692f69d4228,driver,5
6dd57424-229d-48d1-868b-14d8be427aca,9f765660-3e4b-44b2-a43b-ccfbb5e8f159,shipper,4
002ba15f-828d-452e-b18b-9fe547f84b88,26501679-586c-4236-a890-97e1687dc818,driver,5
002ba15f-828d-452e-b18b-9fe547f84b88,8f4a1d99-4a4f-4834-8fbd-62876e085e16,shipper,5
e1a8536f-e214-46e4-81b5-0d9b9164c169,083714ac-54b3-4d64-bc00-704dc355b5f8,driver,5
e1a8536f-e214-46e4-81b5-0d9b9164c169,2c21a0d7-50d9-46c5-9906-6986086a8d58,shipper,5
1dc147ea-f233-4057-a260-96e29718e139,26501679-586c-4236-a890-97e1687dc818,driver,5
1dc147ea-f233-4057-a260-96e29718e139,76f544ba-8998-4824-b4d5-56daa98c200a,shipper,5
1dc147ea-f233-4057-a260-96e29718e139,0790fa20-df4f-43aa-b491-56eb44a3e0b6,driver,5
1dc147ea-f233-4057-a260-96e29718e139,76f544ba-8998-4824-b4d5-56daa98c200a,shipper,5
87a8986b-7751-4e20-8657-7d281c35ee3b,0f7a5a1e-c1b1-4db5-b7bc-22c0b78c5171,driver,5
87a8986b-7751-4e20-8657-7d281c35ee3b,acf70833-a3ac-4efb-bf9f-004b099d3b76,shipper,5
aeee27a7-7b31-471e-adf2-e38f26f0030e,01d788c4-9b57-4add-abf0-739f958b4aa3,driver,5
aeee27a7-7b31-471e-adf2-e38f26f0030e,e5258953-268d-4e11-b71a-c19edda49cd2,shipper,3
aeee27a7-7b31-471e-adf2-e38f26f0030e,b05b01d0-a319-4a48-8fe3-e2a08529ea69,driver,5
aeee27a7-7b31-471e-adf2-e38f26f0030e,e5258953-268d-4e11-b71a-c19edda49cd2,shipper,5
fe34bcdb-89f9-4dda-a798-69b7d575b175,bda819c9-5bc1-45c0-b673-47f1f8fc1da8,driver,4
fe34bcdb-89f9-4dda-a798-69b7d575b175,450d1efc-cc10-437c-8ac1-b30b94752d4f,shipper,5
5796acbe-45b6-4255-a8c5-a834645377e7,f90f6baa-4c59-416d-9cdd-708265156686,driver,5
5796acbe-45b6-4255-a8c5-a834645377e7,9ecf3184-be14-4e87-8eb0-7cf6075b8801,shipper,5
5796acbe-45b6-4255-a8c5-a834645377e7,f90f6baa-4c59-416d-9cdd-708265156686,driver,5
5796acbe-45b6-4255-a8c5-a834645377e7,9ecf3184-be14-4e87-8eb0-7cf6075b8801,shipper,5
df046394-46e1-4fae-baa2-1513ba14ac8c,be09b6f7-4efa-4ac9-b363-71f395b927fa,driver,2
df046394-46e1-4fae-baa2-1513ba14ac8c,d0236f2e-c357-47b0-a24a-dc8f2daf3028,shipper,3
9085c53d-2c71-47ce-8ab4-aa3d673929ab,837cfbee-afbc-4408-b0d4-a3037b7f109f,driver,5
9085c53d-2c71-47ce-8ab4-aa3d673929ab,9f765660-3e4b-44b2-a43b-ccfbb5e8f159,shipper,5
8bf113da-a9cd-4e3c-9f11-c0909d637a9e,6478d1df-2c1f-4f3c-aa1e-03fde769c1f7,driver,5
8bf113da-a9cd-4e3c-9f11-c0909d637a9e,596ee952-073c-4138-bdd7-914b7f27f542,shipper,5
ce928a39-0fa1-4519-a5dd-bfc2e52aac91,5a546a9f-4ddf-4c19-9b83-d659726fc137,driver,4
ce928a39-0fa1-4519-a5dd-bfc2e52aac91,b70babee-6437-4c10-867e-70855a5d76bc,shipper,4
8e19ea10-c324-422d-bbf2-50be4287503a,fc6966be-098b-43a6-a653-1fa3b599e23e,driver,5
8e19ea10-c324-422d-bbf2-50be4287503a,1df22eb2-3e77-4d5f-a4d8-61939e8ab175,shipper,5
8e19ea10-c324-422d-bbf2-50be4287503a,7a135a62-fc87-4ff4-aa59-1019fc6df31e,driver,5
8e19ea10-c324-422d-bbf2-50be4287503a,1df22eb2-3e77-4d5f-a4d8-61939e8ab175,shipper,5
8e19ea10-c324-422d-bbf2-50be4287503a,00d3503e-ffe5-4e26-84be-9007a8a81e4c,driver,5
8e19ea10-c324-422d-bbf2-50be4287503a,1df22eb2-3e77-4d5f-a4d8-61939e8ab175,shipper,5
8e19ea10-c324-422d-bbf2-50be4287503a,083714ac-54b3-4d64-bc00-704dc355b5f8,driver,5
8e19ea10-c324-422d-bbf2-50be4287503a,1df22eb2-3e77-4d5f-a4d8-61939e8ab175,shipper,3
914829fa-e0d9-4cb4-a11e-7a891bf91171,66e7f631-029c-4810-92a9-8026854edd3f,driver,5
914829fa-e0d9-4cb4-a11e-7a891bf91171,6c7bbdff-9d14-4785-8839-60ad5a9ef6e3,shipper,5
914829fa-e0d9-4cb4-a11e-7a891bf91171,eef8d72c-0ab6-40fa-a165-615edc5821f1,driver,5
914829fa-e0d9-4cb4-a11e-7a891bf91171,6c7bbdff-9d14-4785-8839-60ad5a9ef6e3,shipper,5
914829fa-e0d9-4cb4-a11e-7a891bf91171,083442ef-2844-4bf4-90c7-0a4c51e16ed0,driver,4
914829fa-e0d9-4cb4-a11e-7a891bf91171,6c7bbdff-9d14-4785-8839-60ad5a9ef6e3,shipper,4
c1efa459-ccef-4b45-9416-2eff35b10c25,aecd6e72-018b-448f-a8dd-3e84d11fdeea,driver,5
c1efa459-ccef-4b45-9416-2eff35b10c25,237759a4-ad01-4dd7-b41f-44c926dac557,shipper,5
c1efa459-ccef-4b45-9416-2eff35b10c25,6478d1df-2c1f-4f3c-aa1e-03fde769c1f7,driver,5
c1efa459-ccef-4b45-9416-2eff35b10c25,237759a4-ad01-4dd7-b41f-44c926dac557,shipper,5
aefab625-defb-4504-8d1a-27df1dcb153e,4642a367-13ec-46f2-8b42-2a9b0cdc2ab5,driver,5
aefab625-defb-4504-8d1a-27df1dcb153e,ea7b654c-22fa-4491-ab89-99c8a8867ddd,shipper,5
aefab625-defb-4504-8d1a-27df1dcb153e,fc6966be-098b-43a6-a653-1fa3b599e23e,driver,3
aefab625-defb-4504-8d1a-27df1dcb153e,ea7b654c-22fa-4491-ab89-99c8a8867ddd,shipper,3
ede81ba1-9392-4cdf-bb78-baa730bac279,083442ef-2844-4bf4-90c7-0a4c51e16ed0,driver,5
ede81ba1-9392-4cdf-bb78-baa730bac279,a5b01f1f-fe62-44b1-9d1e-aa7c374867fc,shipper,5
ede81ba1-9392-4cdf-bb78-baa730bac279,34b71c44-bb25-47df-85ce-03a39fc9ac10,driver,5
ede81ba1-9392-4cdf-bb78-baa730bac279,a5b01f1f-fe62-44b1-9d1e-aa7c374867fc,shipper,3
775749e2-6164-4316-b4c7-cca76abf2a65,18302a3a-1801-411a-8579-869b4ba4edff,driver,5
775749e2-6164-4316-b4c7-cca76abf2a65,596ee952-073c-4138-bdd7-914b7f27f542,shipper,4
775749e2-6164-4316-b4c7-cca76abf2a65,9db88e80-6a44-4430-b307-494694355bcb,driver,3
775749e2-6164-4316-b4c7-cca76abf2a65,596ee952-073c-4138-bdd7-914b7f27f542,shipper,5
18208001-6ec5-4c96-8733-f0fb2ec77732,34b71c44-bb25-47df-85ce-03a39fc9ac10,driver,5
18208001-6ec5-4c96-8733-f0fb2ec77732,a5b01f1f-fe62-44b1-9d1e-aa7c374867fc,shipper,5
18208001-6ec5-4c96-8733-f0fb2ec77732,b05b01d0-a319-4a48-8fe3-e2a08529ea69,driver,5
18208001-6ec5-4c96-8733-f0fb2ec77732,a5b01f1f-fe62-44b1-9d1e-aa7c374867fc,shipper,5
5cf36f02-9987-4ca2-84b8-e4bf9290c5ad,894888f1-c248-403f-aca9-cddaac265db4,driver,5
5cf36f02-9987-4ca2-84b8-e4bf9290c5ad,bfdb26b1-0506-4a6c-9fb9-f9174984b376,shipper,5
5cf36f02-9987-4ca2-84b8-e4bf9290c5ad,a2de8edd-b399-484f-8151-3a5ef1d893b0,driver,5
5cf36f02-9987-4ca2-84b8-e4bf9290c5ad,bfdb26b1-0506-4a6c-9fb9-f9174984b376,shipper,5
5cf36f02-9987-4ca2-84b8-e4bf9290c5ad,ca72bc65-aac8-4954-8b12-0a27325a1ce7,driver,4
5cf36f02-9987-4ca2-84b8-e4bf9290c5ad,bfdb26b1-0506-4a6c-9fb9-f9174984b376,shipper,5
4602471e-5741-4345-95b6-fd8b6a477287,a3a4745c-eb66-433a-b40b-557c0883d783,driver,5
4602471e-5741-4345-95b6-fd8b6a477287,05885768-2aa6-4c4f-b24e-35ad49b8b86a,shipper,5
4602471e-5741-4345-95b6-fd8b6a477287,ca72bc65-aac8-4954-8b12-0a27325a1ce7,driver,3
4602471e-5741-4345-95b6-fd8b6a477287,05885768-2aa6-4c4f-b24e-35ad49b8b86a,shipper,4
4602471e-5741-4345-95b6-fd8b6a477287,837cfbee-afbc-4408-b0d4-a3037b7f109f,driver,5
4602471e-5741-4345-95b6-fd8b6a477287,05885768-2aa6-4c4f-b24e-35ad49b8b86a,shipper,5
4602471e-5741-4345-95b6-fd8b6a477287,f9bb1bc7-b852-4cb0-9053-42f9f3eea8bc,driver,5
4602471e-5741-4345-95b6-fd8b6a477287,05885768-2aa6-4c4f-b24e-35ad49b8b86a,shipper,4
d6220a7a-f567-4868-bda9-4d20df35fdf6,0f6665ac-5ddd-43a7-a9a3-d15d46cfbc97,driver,3
d6220a7a-f567-4868-bda9-4d20df35fdf6,8d627e20-a47a-4129-a380-eb616c6dd69e,shipper,5
d6220a7a-f567-4868-bda9-4d20df35fdf6,c787e085-877f-4d78-a2c0-2d7e54816f5c,driver,5
d6220a7a-f567-4868-bda9-4d20df35fdf6,8d627e20-a47a-4129-a380-eb616c6dd69e,shipper,5
7f33c028-45c6-47a6-8f72-fb87e4158d3a,f9bb1bc7-b852-4cb0-9053-42f9f3eea8bc,driver,4
7f33c028-45c6-47a6-8f72-fb87e4158d3a,56668049-7c88-4471-a3f5-93584b6849c1,shipper,4
35ee3c5c-4316-461d-b1e4-35899d783f4e,463a85e7-e033-4bec-a267-bfa7aa85640d,driver,5
35ee3c5c-4316-461d-b1e4-35899d783f4e,bfdb26b1-0506-4a6c-9fb9-f9174984b376,shipper,5
e3ce7b1d-013f-440f-b064-2ce19f0e3670,0aa62c09-bc7a-4951-9708-4a86275ad8c6,driver,4
e3ce7b1d-013f-440f-b064-2ce19f0e3670,4d787e29-654e-4913-bda8-528875626fbb,shipper,4
ac535f09-e152-4990-98fb-23c61ec7a3d2,69dc041e-ef44-4acf-ba8b-2d8da688425f,driver,5
ac535f09-e152-4990-98fb-23c61ec7a3d2,2930953b-27e4-4692-aa41-b73cd590667f,shipper,5
bb60700a-ec25-463f-9ab9-e1914d0184a2,a7a60420-d4d7-48b2-9da8-19504b752bd6,driver,3
bb60700a-ec25-463f-9ab9-e1914d0184a2,4db2a639-0d49-42c5-9871-d24eb6513fde,shipper,5
b7132d05-1126-4505-92fc-4c323da3306e,a7a60420-d4d7-48b2-9da8-19504b752bd6,driver,5
b7132d05-1126-4505-92fc-4c323da3306e,1df22eb2-3e77-4d5f-a4d8-61939e8ab175,shipper,4
1ddbae81-5121-4b4b-bae7-a30b3d113158,00d3503e-ffe5-4e26-84be-9007a8a81e4c,driver,3
1ddbae81-5121-4b4b-bae7-a30b3d113158,ac88543f-e08e-4905-a612-03108c121e77,shipper,5
1ddbae81-5121-4b4b-bae7-a30b3d113158,34b71c44-bb25-47df-85ce-03a39fc9ac10,driver,5
1ddbae81-5121-4b4b-bae7-a30b3d113158,ac88543f-e08e-4905-a612-03108c121e77,shipper,5
46095010-86ed-40a0-b434-f4b1bf3fcf01,ade5ec49-869b-47d3-b852-1a9ceedbe841,driver,5
46095010-86ed-40a0-b434-f4b1bf3fcf01,56668049-7c88-4471-a3f5-93584b6849c1,shipper,5
46095010-86ed-40a0-b434-f4b1bf3fcf01,310f7ff6-c724-4278-b409-74d1ab8bf019,driver,4
46095010-86ed-40a0-b434-f4b1bf3fcf01,56668049-7c88-4471-a3f5-93584b6849c1,shipper,5
f77afb0e-fea2-42c8-adb5-c6dd05c64061,9db88e80-6a44-4430-b307-494694355bcb,driver,4
f77afb0e-fea2-42c8-adb5-c6dd05c64061,9d4ddc89-e9dc-40fc-b003-9b8d2c0714ae,shipper,5
653c1e1f-8274-421f-bd62-b69dfebbd01c,6be0475c-e19c-4d4f-aced-f1b613d87548,driver,5
653c1e1f-8274-421f-bd62-b69dfebbd01c,544105af-97ea-4526-94ec-724000ecf88c,shipper,3
653c1e1f-8274-421f-bd62-b69dfebbd01c,f0496c8a-1f5c-4cdb-b570-7a6925cd94f7,driver,5
653c1e1f-8274-421f-bd62-b69dfebbd01c,544105af-97ea-4526-94ec-724000ecf88c,shipper,5
653c1e1f-8274-421f-bd62-b69dfebbd01c,0790fa20-df4f-43aa-b491-56eb44a3e0b6,driver,4
653c1e1f-8274-421f-bd62-b69dfebbd01c,544105af-97ea-4526-94ec-724000ecf88c,shipper,5
16681e83-022d-4872-a1bd-228bf8d1ef16,8462dc55-59d5-47f4-8209-5f47c6bf99ca,driver,5
16681e83-022d-4872-a1bd-228bf8d1ef16,4752ae33-8c47-40e1-be3b-c97c51f20f83,shipper,4
019bcb12-61aa-4979-86fb-932e36dea1e6,7d45adbe-75c3-4cdd-bd1c-4b311c5baaab,driver,5
019bcb12-61aa-4979-86fb-932e36dea1e6,a4d7443f-33e7-4c22-90f9-c5b01ea5324f,shipper,4
563c782d-68bd-44e7-b172-0da9051be83c,69dc6351-3e90-4155-9ccd-371b5c0cdbf3,driver,4
563c782d-68bd-44e7-b172-0da9051be83c,06d5365a-26eb-48dd-ae1b-7ea110ad54fe,shipper,4
563c782d-68bd-44e7-b172-0da9051be83c,3fc6f138-6045-4882-8a16-2692f69d4228,driver,3
563c782d-68bd-44e7-b172-0da9051be83c,06d5365a-26eb-48dd-ae1b-7ea110ad54fe,shipper,4
dcebc658-4c0a-4ff8-8d45-4ad1ff5a36c9,69dc6351-3e90-4155-9ccd-371b5c0cdbf3,driver,3
dcebc658-4c0a-4ff8-8d45-4ad1ff5a36c9,56668049-7c88-4471-a3f5-93584b6849c1,shipper,5
eb6f53f9-f239-4f5f-b720-5654b03efb78,a3a4745c-eb66-433a-b40b-557c0883d783,driver,5
eb6f53f9-f239-4f5f-b720-5654b03efb78,ccf4eb8e-2b57-4e0d-9079-e0f0ca9c8e4c,shipper,5
d6970ed3-cb27-46c8-9a3c-f8622c7ebe59,4642a367-13ec-46f2-8b42-2a9b0cdc2ab5,driver,5
d6970ed3-cb27-46c8-9a3c-f8622c7ebe59,9a5561af-bb9a-476d-8879-d63051ff2392,shipper,5
d6970ed3-cb27-46c8-9a3c-f8622c7ebe59,8a6a00d5-73da-4ff5-9558-5f0841ca0cde,driver,2
d6970ed3-cb27-46c8-9a3c-f8622c7ebe59,9a5561af-bb9a-476d-8879-d63051ff2392,shipper,5
82a3752b-919d-4389-b8fa-aa31ddd544b0,40e70bd2-0f4c-4ed4-8b62-55fce5047760,driver,4
82a3752b-919d-4389-b8fa-aa31ddd544b0,21faef45-ee46-4f38-a134-444f1c0f4acc,shipper,4
82a3752b-919d-4389-b8fa-aa31ddd544b0,66e7f631-029c-4810-92a9-8026854edd3f,driver,5
82a3752b-919d-4389-b8fa-aa31ddd544b0,21faef45-ee46-4f38-a134-444f1c0f4acc,shipper,5
82a3752b-919d-4389-b8fa-aa31ddd544b0,eda803f0-7286-45ff-8f75-84584956b46f,driver,4
82a3752b-919d-4389-b8fa-aa31ddd544b0,21faef45-ee46-4f38-a134-444f1c0f4acc,shipper,5
82a3752b-919d-4389-b8fa-aa31ddd544b0,7c1ae16d-496a-4d0f-b401-8ae3e76b86ab,driver,5
82a3752b-919d-4389-b8fa-aa31ddd544b0,21faef45-ee46-4f38-a134-444f1c0f4acc,shipper,5
6f4bbebc-7966-4a66-b60e-02cbd6d16aed,a7a60420-d4d7-48b2-9da8-19504b752bd6,driver,4
6f4bbebc-7966-4a66-b60e-02cbd6d16aed,4d787e29-654e-4913-bda8-528875626fbb,shipper,2
cf98be7f-0d43-4984-b24e-704ef9000a0b,8b1e91b6-790d-4773-851a-de018a249cec,driver,4
cf98be7f-0d43-4984-b24e-704ef9000a0b,9f765660-3e4b-44b2-a43b-ccfbb5e8f159,shipper,5
310901ff-b6fa-49d3-ad18-813c5badc0d3,b05b01d0-a319-4a48-8fe3-e2a08529ea69,driver,4
310901ff-b6fa-49d3-ad18-813c5badc0d3,47071a20-72e6-4149-8e08-5607dde6f868,shipper,5
bd0b44da-d2b7-4a40-b895-9e010cf738d1,8a6a00d5-73da-4ff5-9558-5f0841ca0cde,driver,5
bd0b44da-d2b7-4a40-b895-9e010cf738d1,04582f7f-ed21-4cdd-bcd8-78f4cf0352e5,shipper,5
99b6aece-ffca-452d-8b11-0942e87b8a79,c787e085-877f-4d78-a2c0-2d7e54816f5c,driver,5
99b6aece-ffca-452d-8b11-0942e87b8a79,c115ef9a-c3d3-4ecc-8811-204f2f9cc20b,shipper,5
67b3bf31-190d-432f-be63-3ca4dfab7caa,af78bf6c-b541-45e3-93dd-9a69ae91a9ae,driver,4
67b3bf31-190d-432f-be63-3ca4dfab7caa,5967d7e4-0f0e-419c-b3ff-4fdf398db1ce,shipper,5
d67cd122-3f40-4bb5-984d-fd6802c14d7c,0790fa20-df4f-43aa-b491-56eb44a3e0b6,driver,5
d67cd122-3f40-4bb5-984d-fd6802c14d7c,0d40c9b7-2d30-4bf8-80aa-28c821e3e77e,shipper,5
d913bdaf-7f72-48f3-9f5a-ad185a82512f,bda819c9-5bc1-45c0-b673-47f1f8fc1da8,driver,5
d913bdaf-7f72-48f3-9f5a-ad185a82512f,ccf4eb8e-2b57-4e0d-9079-e0f0ca9c8e4c,shipper,5
d913bdaf-7f72-48f3-9f5a-ad185a82512f,0790fa20-df4f-43aa-b491-56eb44a3e0b6,driver,5
d913bdaf-7f72-48f3-9f5a-ad185a82512f,ccf4eb8e-2b57-4e0d-9079-e0f0ca9c8e4c,shipper,5
d913bdaf-7f72-48f3-9f5a-ad185a82512f,3fc6f138-6045-4882-8a16-2692f69d4228,driver,5
d913bdaf-7f72-48f3-9f5a-ad185a82512f,ccf4eb8e-2b57-4e0d-9079-e0f0ca9c8e4c,shipper,5
d913bdaf-7f72-48f3-9f5a-ad185a82512f,66e7f631-029c-4810-92a9-8026854edd3f,driver,5
d913bdaf-7f72-48f3-9f5a-ad185a82512f,ccf4eb8e-2b57-4e0d-9079-e0f0ca9c8e4c,shipper,5
d913bdaf-7f72-48f3-9f5a-ad185a82512f,be09b6f7-4efa-4ac9-b363-71f395b927fa,driver,5
d913bdaf-7f72-48f3-9f5a-ad185a82512f,ccf4eb8e-2b57-4e0d-9079-e0f0ca9c8e4c,shipper,5
cbb272e0-5214-496a-bdf9-1fa624ff571e,0aa62c09-bc7a-4951-9708-4a86275ad8c6,driver,5
cbb272e0-5214-496a-bdf9-1fa624ff571e,7daa9abd-006b-4c1c-b3bd-c50b8b8f6972,shipper,5
f5d5dfbb-f1b7-45ae-9697-8778cc717274,463a85e7-e033-4bec-a267-bfa7aa85640d,driver,5
f5d5dfbb-f1b7-45ae-9697-8778cc717274,2930953b-27e4-4692-aa41-b73cd590667f,shipper,5
ca4673e4-1e35-493f-b180-75a825a55a93,7c1ae16d-496a-4d0f-b401-8ae3e76b86ab,driver,5
ca4673e4-1e35-493f-b180-75a825a55a93,bfdb26b1-0506-4a6c-9fb9-f9174984b376,shipper,4
5e9d52e4-87f2-4b83-a2af-b9722f583174,4c8a509f-04a9-4a9e-95f2-50c885ca0979,driver,5
5e9d52e4-87f2-4b83-a2af-b9722f583174,9f27e1b9-013a-4442-89e7-cdad839d9e13,shipper,4
1e50182f-6889-4d86-8c3a-2a633fd01435,a2de8edd-b399-484f-8151-3a5ef1d893b0,driver,5
1e50182f-6889-4d86-8c3a-2a633fd01435,21a85831-6b05-4f5d-b960-d39fef2b4090,shipper,4
1e50182f-6889-4d86-8c3a-2a633fd01435,40e70bd2-0f4c-4ed4-8b62-55fce5047760,driver,4
1e50182f-6889-4d86-8c3a-2a633fd01435,21a85831-6b05-4f5d-b960-d39fef2b4090,shipper,5
1e50182f-6889-4d86-8c3a-2a633fd01435,8a6a00d5-73da-4ff5-9558-5f0841ca0cde,driver,5
1e50182f-6889-4d86-8c3a-2a633fd01435,21a85831-6b05-4f5d-b960-d39fef2b4090,shipper,5
22a6fa76-ef66-4906-952a-1f6371beb6ac,a3a4745c-eb66-433a-b40b-557c0883d783,driver,4
22a6fa76-ef66-4906-952a-1f6371beb6ac,91fa918e-a71b-4356-ab90-ca6688c171b5,shipper,5
0b49c0f0-81a6-4607-b6c3-88dfc6947432,8b1e91b6-790d-4773-851a-de018a249cec,driver,5
0b49c0f0-81a6-4607-b6c3-88dfc6947432,b492e2f5-6a42-4f99-be10-1e4f3b586961,shipper,4
e2acb50a-8d12-46a1-b164-517c270ed61c,be09b6f7-4efa-4ac9-b363-71f395b927fa,driver,5
e2acb50a-8d12-46a1-b164-517c270ed61c,318897c4-75ac-4064-8737-ebb5ded11af9,shipper,5
1812c80b-cc1c-43d6-884f-c2f01d15aa60,26501679-586c-4236-a890-97e1687dc818,driver,5
1812c80b-cc1c-43d6-884f-c2f01d15aa60,3db8a97c-f512-4e3d-9289-895eac690ca6,shipper,3
1812c80b-cc1c-43d6-884f-c2f01d15aa60,3fc6f138-6045-4882-8a16-2692f69d4228,driver,5
1812c80b-cc1c-43d6-884f-c2f01d15aa60,3db8a97c-f512-4e3d-9289-895eac690ca6,shipper,5
104eb0bc-d0c9-4d93-ba0d-3e1157c66afb,4642a367-13ec-46f2-8b42-2a9b0cdc2ab5,driver,5
104eb0bc-d0c9-4d93-ba0d-3e1157c66afb,06d5365a-26eb-48dd-ae1b-7ea110ad54fe,shipper,4
104eb0bc-d0c9-4d93-ba0d-3e1157c66afb,083714ac-54b3-4d64-bc00-704dc355b5f8,driver,5
104eb0bc-d0c9-4d93-ba0d-3e1157c66afb,06d5365a-26eb-48dd-ae1b-7ea110ad54fe,shipper,5
88743e18-55ec-4bb2-9a12-f85df8612136,2d28751d-70ba-4487-82d5-095cea62b22f,driver,5
88743e18-55ec-4bb2-9a12-f85df8612136,3db8a97c-f512-4e3d-9289-895eac690ca6,shipper,5
88743e18-55ec-4bb2-9a12-f85df8612136,0b6812d6-5270-4d50-bba5-1cd2f77ebe2e,driver,5
88743e18-55ec-4bb2-9a12-f85df8612136,3db8a97c-f512-4e3d-9289-895eac690ca6,shipper,4
88743e18-55ec-4bb2-9a12-f85df8612136,18302a3a-1801-411a-8579-869b4ba4edff,driver,5
88743e18-55ec-4bb2-9a12-f85df8612136,3db8a97c-f512-4e3d-9289-895eac690ca6,shipper,5
3ae54f73-87ed-4191-b3bc-f9fed868e607,3fc247b8-f090-4cea-81a6-9112ffe9f796,driver,3
3ae54f73-87ed-4191-b3bc-f9fed868e607,06026cca-64bc-4f03-a479-e510ca475f6b,shipper,5
245f1461-312a-47b8-a148-9afa4d28c7e4,0b6812d6-5270-4d50-bba5-1cd2f77ebe2e,driver,5
245f1461-312a-47b8-a148-9afa4d28c7e4,1df22eb2-3e77-4d5f-a4d8-61939e8ab175,shipper,4
c1dbdcf8-4ba7-489f-ad8f-267145af754c,af78bf6c-b541-45e3-93dd-9a69ae91a9ae,driver,2
c1dbdcf8-4ba7-489f-ad8f-267145af754c,450d1efc-cc10-437c-8ac1-b30b94752d4f,shipper,4
4dcd62ae-102f-4a39-93b1-8d9254983841,8a6a00d5-73da-4ff5-9558-5f0841ca0cde,driver,5
4dcd62ae-102f-4a39-93b1-8d9254983841,6b14af5e-c2ea-473a-8be5-ec8a0c5317d6,shipper,5
4dcd62ae-102f-4a39-93b1-8d9254983841,66e7f631-029c-4810-92a9-8026854edd3f,driver,3
4dcd62ae-102f-4a39-93b1-8d9254983841,6b14af5e-c2ea-473a-8be5-ec8a0c5317d6,shipper,4
dbd685fa-6bda-4e94-b9a5-6c9a438f94e9,f9bb1bc7-b852-4cb0-9053-42f9f3eea8bc,driver,5
dbd685fa-6bda-4e94-b9a5-6c9a438f94e9,06d5365a-26eb-48dd-ae1b-7ea110ad54fe,shipper,5
dbd685fa-6bda-4e94-b9a5-6c9a438f94e9,40e70bd2-0f4c-4ed4-8b62-55fce5047760,driver,5
dbd685fa-6bda-4e94-b9a5-6c9a438f94e9,06d5365a-26eb-48dd-ae1b-7ea110ad54fe,shipper,4
125812eb-bcb4-45b0-afc1-17d25eb186b8,69b345b3-ec55-408a-978c-9b0062c84f4a,driver,4
125812eb-bcb4-45b0-afc1-17d25eb186b8,05885768-2aa6-4c4f-b24e-35ad49b8b86a,shipper,5
aeda1924-e543-4eae-9e86-3b5901661cdf,3fc6f138-6045-4882-8a16-2692f69d4228,driver,4
aeda1924-e543-4eae-9e86-3b5901661cdf,a7645519-9b3e-476f-8d8a-8a010697b4eb,shipper,5
575b3114-da11-4a31-8ad6-7de78a30e9b3,0f6665ac-5ddd-43a7-a9a3-d15d46cfbc97,driver,5
575b3114-da11-4a31-8ad6-7de78a30e9b3,ac88543f-e08e-4905-a612-03108c121e77,shipper,5
0d666528-fd8a-4722-9376-27c620da86ef,d265c88a-1052-4bc1-b426-bc9a3e77f666,driver,5
0d666528-fd8a-4722-9376-27c620da86ef,1a7be64c-4c01-4e5d-a01b-142e806098af,shipper,5
0590974f-dbb6-4b17-a955-0416b2ea308e,01d788c4-9b57-4add-abf0-739f958b4aa3,driver,5
0590974f-dbb6-4b17-a955-0416b2ea308e,6016adfd-42bf-4752-bb28-479c0e7d7172,shipper,5
0590974f-dbb6-4b17-a955-0416b2ea308e,1f148489-0bcb-4470-8354-42eed5c4f971,driver,4
0590974f-dbb6-4b17-a955-0416b2ea308e,6016adfd-42bf-4752-bb28-479c0e7d7172,shipper,5
0590974f-dbb6-4b17-a955-0416b2ea308e,f0496c8a-1f5c-4cdb-b570-7a6925cd94f7,driver,5
0590974f-dbb6-4b17-a955-0416b2ea308e,6016adfd-42bf-4752-bb28-479c0e7d7172,shipper,5
0590974f-dbb6-4b17-a955-0416b2ea308e,083442ef-2844-4bf4-90c7-0a4c51e16ed0,driver,5
0590974f-dbb6-4b17-a955-0416b2ea308e,6016adfd-42bf-4752-bb28-479c0e7d7172,shipper,5
0590974f-dbb6-4b17-a955-0416b2ea308e,083442ef-2844-4bf4-90c7-0a4c51e16ed0,driver,5
0590974f-dbb6-4b17-a955-0416b2ea308e,6016adfd-42bf-4752-bb28-479c0e7d7172,shipper,5
006db5ff-5ec5-4ad6-82b6-c37b498e8e9a,0aa62c09-bc7a-4951-9708-4a86275ad8c6,driver,5
006db5ff-5ec5-4ad6-82b6-c37b498e8e9a,91cddf7c-e0ea-471b-b136-c52c439d54f5,shipper,5
087df422-c5e3-4f91-a667-4386034e6951,f0496c8a-1f5c-4cdb-b570-7a6925cd94f7,driver,5
087df422-c5e3-4f91-a667-4386034e6951,78f793c7-edba-4168-bc93-724607d87072,shipper,5
16f2fb8a-cbc7-430f-ab6f-95e701c8a444,f90f6baa-4c59-416d-9cdd-708265156686,driver,5
16f2fb8a-cbc7-430f-ab6f-95e701c8a444,c722a9a6-9f4d-465a-8fc9-be9b8c2950cf,shipper,5
0b5db603-257f-41b2-a215-cca05095b872,1f148489-0bcb-4470-8354-42eed5c4f971,driver,5
0b5db603-257f-41b2-a215-cca05095b872,8f4a1d99-4a4f-4834-8fbd-62876e085e16,shipper,5
0b5db603-257f-41b2-a215-cca05095b872,8a6a00d5-73da-4ff5-9558-5f0841ca0cde,driver,5
0b5db603-257f-41b2-a215-cca05095b872,8f4a1d99-4a4f-4834-8fbd-62876e085e16,shipper,5
0b5db603-257f-41b2-a215-cca05095b872,b05b01d0-a319-4a48-8fe3-e2a08529ea69,driver,5
0b5db603-257f-41b2-a215-cca05095b872,8f4a1d99-4a4f-4834-8fbd-62876e085e16,shipper,5
af8d1b14-2de0-409b-bcec-b42fe34000a7,5a546a9f-4ddf-4c19-9b83-d659726fc137,driver,4
af8d1b14-2de0-409b-bcec-b42fe34000a7,150c2645-5219-4c92-a75b-a2461bc4ccef,shipper,3
af8d1b14-2de0-409b-bcec-b42fe34000a7,69dc041e-ef44-4acf-ba8b-2d8da688425f,driver,5
af8d1b14-2de0-409b-bcec-b42fe34000a7,150c2645-5219-4c92-a75b-a2461bc4ccef,shipper,4
af8d1b14-2de0-409b-bcec-b42fe34000a7,8a6a00d5-73da-4ff5-9558-5f0841ca0cde,driver,5
af8d1b14-2de0-409b-bcec-b42fe34000a7,150c2645-5219-4c92-a75b-a2461bc4ccef,shipper,3
af8d1b14-2de0-409b-bcec-b42fe34000a7,ade5ec49-869b-47d3-b852-1a9ceedbe841,driver,4
af8d1b14-2de0-409b-bcec-b42fe34000a7,150c2645-5219-4c92-a75b-a2461bc4ccef,shipper,5
d6ea2221-a265-4044-8d2d-a4b0f725e14c,bda819c9-5bc1-45c0-b673-47f1f8fc1da8,driver,5
d6ea2221-a265-4044-8d2d-a4b0f725e14c,fb4625aa-0eb9-42b6-b340-822a44ec61a3,shipper,5
d6ea2221-a265-4044-8d2d-a4b0f725e14c,8462dc55-59d5-47f4-8209-5f47c6bf99ca,driver,4
d6ea2221-a265-4044-8d2d-a4b0f725e14c,fb4625aa-0eb9-42b6-b340-822a44ec61a3,shipper,4
3e3688d4-fa80-4d9c-b3d3-77eb61557db0,7c1ae16d-496a-4d0f-b401-8ae3e76b86ab,driver,5
3e3688d4-fa80-4d9c-b3d3-77eb61557db0,2930953b-27e4-4692-aa41-b73cd590667f,shipper,5
24cd764d-73ed-4c52-bd87-60fcf4a4946b,b05b01d0-a319-4a48-8fe3-e2a08529ea69,driver,5
24cd764d-73ed-4c52-bd87-60fcf4a4946b,91fa918e-a71b-4356-ab90-ca6688c171b5,shipper,4
24cd764d-73ed-4c52-bd87-60fcf4a4946b,6d65ee0b-0d87-4816-9b43-1e74af2b76bd,driver,5
24cd764d-73ed-4c52-bd87-60fcf4a4946b,91fa918e-a71b-4356-ab90-ca6688c171b5,shipper,5
24cd764d-73ed-4c52-bd87-60fcf4a4946b,463a85e7-e033-4bec-a267-bfa7aa85640d,driver,4
24cd764d-73ed-4c52-bd87-60fcf4a4946b,91fa918e-a71b-4356-ab90-ca6688c171b5,shipper,5
24cd764d-73ed-4c52-bd87-60fcf4a4946b,0790fa20-df4f-43aa-b491-56eb44a3e0b6,driver,5
24cd764d-73ed-4c52-bd87-60fcf4a4946b,91fa918e-a71b-4356-ab90-ca6688c171b5,shipper,5
d635fb3c-c047-44b4-b3cc-6039dfb8c49e,ca72bc65-aac8-4954-8b12-0a27325a1ce7,driver,5
d635fb3c-c047-44b4-b3cc-6039dfb8c49e,612daa81-ed99-42d7-bdb3-3777f3775b9d,shipper,5
d635fb3c-c047-44b4-b3cc-6039dfb8c49e,0eefecd2-5b8c-4f61-ae34-838b16b53659,driver,3
d635fb3c-c047-44b4-b3cc-6039dfb8c49e,612daa81-ed99-42d7-bdb3-3777f3775b9d,shipper,5
d635fb3c-c047-44b4-b3cc-6039dfb8c49e,a3a4745c-eb66-433a-b40b-557c0883d783,driver,3
d635fb3c-c047-44b4-b3cc-6039dfb8c49e,612daa81-ed99-42d7-bdb3-3777f3775b9d,shipper,4
d635fb3c-c047-44b4-b3cc-6039dfb8c49e,b41f802e-0393-409e-935b-003cfa28c0bd,driver,5
d635fb3c-c047-44b4-b3cc-6039dfb8c49e,612daa81-ed99-42d7-bdb3-3777f3775b9d,shipper,4
eb5eadbd-e2a6-4a99-b14e-87ec40b09966,34b71c44-bb25-47df-85ce-03a39fc9ac10,driver,4
eb5eadbd-e2a6-4a99-b14e-87ec40b09966,4752ae33-8c47-40e1-be3b-c97c51f20f83,shipper,5
ee184809-de75-4c18-9e7c-a261fb998c69,0f7a5a1e-c1b1-4db5-b7bc-22c0b78c5171,driver,5
ee184809-de75-4c18-9e7c-a261fb998c69,3739c72a-20b4-44d4-b7a8-f273b36cc3b6,shipper,5
0cc533a1-ad7e-41b7-a447-5c30934d0dc3,40e70bd2-0f4c-4ed4-8b62-55fce5047760,driver,3
0cc533a1-ad7e-41b7-a447-5c30934d0dc3,76f544ba-8998-4824-b4d5-56daa98c200a,shipper,5
0cc533a1-ad7e-41b7-a447-5c30934d0dc3,66e7f631-029c-4810-92a9-8026854edd3f,driver,5
0cc533a1-ad7e-41b7-a447-5c30934d0dc3,76f544ba-8998-4824-b4d5-56daa98c200a,shipper,5
0cc533a1-ad7e-41b7-a447-5c30934d0dc3,310f7ff6-c724-4278-b409-74d1ab8bf019,driver,5
0cc533a1-ad7e-41b7-a447-5c30934d0dc3,76f544ba-8998-4824-b4d5-56daa98c200a,shipper,5
0cc533a1-ad7e-41b7-a447-5c30934d0dc3,7a135a62-fc87-4ff4-aa59-1019fc6df31e,driver,5
0cc533a1-ad7e-41b7-a447-5c30934d0dc3,76f544ba-8998-4824-b4d5-56daa98c200a,shipper,5
0cc533a1-ad7e-41b7-a447-5c30934d0dc3,463a85e7-e033-4bec-a267-bfa7aa85640d,driver,5
0cc533a1-ad7e-41b7-a447-5c30934d0dc3,76f544ba-8998-4824-b4d5-56daa98c200a,shipper,4
0cc533a1-ad7e-41b7-a447-5c30934d0dc3,6be0475c-e19c-4d4f-aced-f1b613d87548,driver,4
0cc533a1-ad7e-41b7-a447-5c30934d0dc3,76f544ba-8998-4824-b4d5-56daa98c200a,shipper,5
ce13ae61-6446-442e-8e0d-232f8126a630,310f7ff6-c724-4278-b409-74d1ab8bf019,driver,4
ce13ae61-6446-442e-8e0d-232f8126a630,1563736b-1319-42b1-8123-7f1bfe2a55f0,shipper,4
ce13ae61-6446-442e-8e0d-232f8126a630,69dc6351-3e90-4155-9ccd-371b5c0cdbf3,driver,4
ce13ae61-6446-442e-8e0d-232f8126a630,1563736b-1319-42b1-8123-7f1bfe2a55f0,shipper,4
3f0ad93b-27e9-4c13-915b-d47cf216eb6f,9db88e80-6a44-4430-b307-494694355bcb,driver,5
3f0ad93b-27e9-4c13-915b-d47cf216eb6f,596ee952-073c-4138-bdd7-914b7f27f542,shipper,4
59adecc7-d64d-47fe-8173-b7805b5c0c43,7c1ae16d-496a-4d0f-b401-8ae3e76b86ab,driver,5
59adecc7-d64d-47fe-8173-b7805b5c0c43,45cd0b66-1ef1-48a9-aef0-e3e51f3cee95,shipper,5
59adecc7-d64d-47fe-8173-b7805b5c0c43,0aa62c09-bc7a-4951-9708-4a86275ad8c6,driver,5
59adecc7-d64d-47fe-8173-b7805b5c0c43,45cd0b66-1ef1-48a9-aef0-e3e51f3cee95,shipper,5
59adecc7-d64d-47fe-8173-b7805b5c0c43,a3a4745c-eb66-433a-b40b-557c0883d783,driver,5
59adecc7-d64d-47fe-8173-b7805b5c0c43,45cd0b66-1ef1-48a9-aef0-e3e51f3cee95,shipper,5
e9378d34-9971-432a-89f9-bd3a57649ca3,0f7a5a1e-c1b1-4db5-b7bc-22c0b78c5171,driver,5
e9378d34-9971-432a-89f9-bd3a57649ca3,c722a9a6-9f4d-465a-8fc9-be9b8c2950cf,shipper,5
e9378d34-9971-432a-89f9-bd3a57649ca3,7c1ae16d-496a-4d0f-b401-8ae3e76b86ab,driver,5
e9378d34-9971-432a-89f9-bd3a57649ca3,c722a9a6-9f4d-465a-8fc9-be9b8c2950cf,shipper,5
e9378d34-9971-432a-89f9-bd3a57649ca3,f90f6baa-4c59-416d-9cdd-708265156686,driver,5
e9378d34-9971-432a-89f9-bd3a57649ca3,c722a9a6-9f4d-465a-8fc9-be9b8c2950cf,shipper,4
e9378d34-9971-432a-89f9-bd3a57649ca3,6be0475c-e19c-4d4f-aced-f1b613d87548,driver,4
e9378d34-9971-432a-89f9-bd3a57649ca3,c722a9a6-9f4d-465a-8fc9-be9b8c2950cf,shipper,5
87fd1fd4-a5aa-4bf8-b7c9-67c7a79cf4ad,083442ef-2844-4bf4-90c7-0a4c51e16ed0,driver,5
87fd1fd4-a5aa-4bf8-b7c9-67c7a79cf4ad,21a85831-6b05-4f5d-b960-d39fef2b4090,shipper,3
87fd1fd4-a5aa-4bf8-b7c9-67c7a79cf4ad,b05b01d0-a319-4a48-8fe3-e2a08529ea69,driver,3
87fd1fd4-a5aa-4bf8-b7c9-67c7a79cf4ad,21a85831-6b05-4f5d-b960-d39fef2b4090,shipper,4
87fd1fd4-a5aa-4bf8-b7c9-67c7a79cf4ad,b41f802e-0393-409e-935b-003cfa28c0bd,driver,5
87fd1fd4-a5aa-4bf8-b7c9-67c7a79cf4ad,21a85831-6b05-4f5d-b960-d39fef2b4090,shipper,3
87fd1fd4-a5aa-4bf8-b7c9-67c7a79cf4ad,d265c88a-1052-4bc1-b426-bc9a3e77f666,driver,5
87fd1fd4-a5aa-4bf8-b7c9-67c7a79cf4ad,21a85831-6b05-4f5d-b960-d39fef2b4090,shipper,5
87fd1fd4-a5aa-4bf8-b7c9-67c7a79cf4ad,be09b6f7-4efa-4ac9-b363-71f395b927fa,driver,5
87fd1fd4-a5aa-4bf8-b7c9-67c7a79cf4ad,21a85831-6b05-4f5d-b960-d39fef2b4090,shipper,5
1e4c3b25-074b-403f-b596-ff3a2f75673c,34b71c44-bb25-47df-85ce-03a39fc9ac10,driver,5
1e4c3b25-074b-403f-b596-ff3a2f75673c,fba70d70-f9de-456a-be6c-5343ba8cb49d,shipper,5
1e4c3b25-074b-403f-b596-ff3a2f75673c,bda819c9-5bc1-45c0-b673-47f1f8fc1da8,driver,5
1e4c3b25-074b-403f-b596-ff3a2f75673c,fba70d70-f9de-456a-be6c-5343ba8cb49d,shipper,4
1e4c3b25-074b-403f-b596-ff3a2f75673c,ade5ec49-869b-47d3-b852-1a9ceedbe841,driver,5
1e4c3b25-074b-403f-b596-ff3a2f75673c,fba70d70-f9de-456a-be6c-5343ba8cb49d,shipper,5
1e4c3b25-074b-403f-b596-ff3a2f75673c,1f148489-0bcb-4470-8354-42eed5c4f971,driver,5
1e4c3b25-074b-403f-b596-ff3a2f75673c,fba70d70-f9de-456a-be6c-5343ba8cb49d,shipper,5
b2e50123-de5a-44da-bf69-57222f81d15b,18302a3a-1801-411a-8579-869b4ba4edff,driver,5
b2e50123-de5a-44da-bf69-57222f81d15b,612daa81-ed99-42d7-bdb3-3777f3775b9d,shipper,5
be1ffcc4-c89a-4130-a872-3ac57ed30984,eda803f0-7286-45ff-8f75-84584956b46f,driver,5
be1ffcc4-c89a-4130-a872-3ac57ed30984,9f27e1b9-013a-4442-89e7-cdad839d9e13,shipper,5
1844f8bf-fc8b-4ff9-876e-739eb73d9be3,ade5ec49-869b-47d3-b852-1a9ceedbe841,driver,5
1844f8bf-fc8b-4ff9-876e-739eb73d9be3,0c5b9a76-0df0-4cfe-a517-44dacd1d83a5,shipper,5
1844f8bf-fc8b-4ff9-876e-739eb73d9be3,69dc041e-ef44-4acf-ba8b-2d8da688425f,driver,5
1844f8bf-fc8b-4ff9-876e-739eb73d9be3,0c5b9a76-0df0-4cfe-a517-44dacd1d83a5,shipper,5
1844f8bf-fc8b-4ff9-876e-739eb73d9be3,26501679-586c-4236-a890-97e1687dc818,driver,5
1844f8bf-fc8b-4ff9-876e-739eb73d9be3,0c5b9a76-0df0-4cfe-a517-44dacd1d83a5,shipper,5
0d8ea3d3-8554-46f2-8116-2632ee3e050d,0f6665ac-5ddd-43a7-a9a3-d15d46cfbc97,driver,5
0d8ea3d3-8554-46f2-8116-2632ee3e050d,05b05cf5-e1ba-48d6-8db5-323ce0385788,shipper,5
0d8ea3d3-8554-46f2-8116-2632ee3e050d,083442ef-2844-4bf4-90c7-0a4c51e16ed0,driver,4
0d8ea3d3-8554-46f2-8116-2632ee3e050d,05b05cf5-e1ba-48d6-8db5-323ce0385788,shipper,4
4dea94c9-2543-402a-bafb-5806fce53a6e,40e70bd2-0f4c-4ed4-8b62-55fce5047760,driver,5
4dea94c9-2543-402a-bafb-5806fce53a6e,6016adfd-42bf-4752-bb28-479c0e7d7172,shipper,5
d075ff21-6a3d-49cd-bbb5-15bfaebf994d,5a546a9f-4ddf-4c19-9b83-d659726fc137,driver,2
d075ff21-6a3d-49cd-bbb5-15bfaebf994d,c722a9a6-9f4d-465a-8fc9-be9b8c2950cf,shipper,5
d075ff21-6a3d-49cd-bbb5-15bfaebf994d,6478d1df-2c1f-4f3c-aa1e-03fde769c1f7,driver,5
d075ff21-6a3d-49cd-bbb5-15bfaebf994d,c722a9a6-9f4d-465a-8fc9-be9b8c2950cf,shipper,5
67115e93-5a7c-46b3-a59d-95ee9290be1f,eef8d72c-0ab6-40fa-a165-615edc5821f1,driver,5
67115e93-5a7c-46b3-a59d-95ee9290be1f,0c5b9a76-0df0-4cfe-a517-44dacd1d83a5,shipper,5
52be96f7-7532-4b6d-9b75-baaf573ccb7a,0eefecd2-5b8c-4f61-ae34-838b16b53659,driver,5
52be96f7-7532-4b6d-9b75-baaf573ccb7a,ab560d2e-94e2-497d-b2e2-5e0a0ba57fca,shipper,5
52be96f7-7532-4b6d-9b75-baaf573ccb7a,3fc247b8-f090-4cea-81a6-9112ffe9f796,driver,5
52be96f7-7532-4b6d-9b75-baaf573ccb7a,ab560d2e-94e2-497d-b2e2-5e0a0ba57fca,shipper,5
52be96f7-7532-4b6d-9b75-baaf573ccb7a,26501679-586c-4236-a890-97e1687dc818,driver,5
52be96f7-7532-4b6d-9b75-baaf573ccb7a,ab560d2e-94e2-497d-b2e2-5e0a0ba57fca,shipper,5
25a8e339-0cb9-480d-91bc-abffbfac62ae,3cb3181a-1d19-4827-b8eb-3faba1e231e3,driver,5
25a8e339-0cb9-480d-91bc-abffbfac62ae,76f544ba-8998-4824-b4d5-56daa98c200a,shipper,5
549909c1-8979-4fdd-aac2-7f461c0f1e33,837cfbee-afbc-4408-b0d4-a3037b7f109f,driver,4
549909c1-8979-4fdd-aac2-7f461c0f1e33,aab3a558-9806-493f-ad2b-0a3ddee1860c,shipper,5
549909c1-8979-4fdd-aac2-7f461c0f1e33,9db88e80-6a44-4430-b307-494694355bcb,driver,4
549909c1-8979-4fdd-aac2-7f461c0f1e33,aab3a558-9806-493f-ad2b-0a3ddee1860c,shipper,5
780a6dcd-1217-417e-bbe0-b2f6461c1fcb,f9bb1bc7-b852-4cb0-9053-42f9f3eea8bc,driver,5
780a6dcd-1217-417e-bbe0-b2f6461c1fcb,6b14af5e-c2ea-473a-8be5-ec8a0c5317d6,shipper,5
780a6dcd-1217-417e-bbe0-b2f6461c1fcb,1f148489-0bcb-4470-8354-42eed5c4f971,driver,4
780a6dcd-1217-417e-bbe0-b2f6461c1fcb,6b14af5e-c2ea-473a-8be5-ec8a0c5317d6,shipper,4
d36f2b61-6d36-40f2-8d35-48dab0aa5689,01d788c4-9b57-4add-abf0-739f958b4aa3,driver,5
d36f2b61-6d36-40f2-8d35-48dab0aa5689,8d627e20-a47a-4129-a380-eb616c6dd69e,shipper,5
d36f2b61-6d36-40f2-8d35-48dab0aa5689,ade5ec49-869b-47d3-b852-1a9ceedbe841,driver,3
d36f2b61-6d36-40f2-8d35-48dab0aa5689,8d627e20-a47a-4129-a380-eb616c6dd69e,shipper,5
a2f39be4-e344-4f7f-8189-b537f1f2ce0a,3fc6f138-6045-4882-8a16-2692f69d4228,driver,4
a2f39be4-e344-4f7f-8189-b537f1f2ce0a,1563736b-1319-42b1-8123-7f1bfe2a55f0,shipper,5
a2f39be4-e344-4f7f-8189-b537f1f2ce0a,eda803f0-7286-45ff-8f75-84584956b46f,driver,4
a2f39be4-e344-4f7f-8189-b537f1f2ce0a,1563736b-1319-42b1-8123-7f1bfe2a55f0,shipper,5
d19b5d8f-c1c9-4368-b481-67762eb41f0f,66e7f631-029c-4810-92a9-8026854edd3f,driver,3
d19b5d8f-c1c9-4368-b481-67762eb41f0f,9e263c2e-2cf7-44cd-81e5-75a0252945a1,shipper,5
d19b5d8f-c1c9-4368-b481-67762eb41f0f,69dc6351-3e90-4155-9ccd-371b5c0cdbf3,driver,3
d19b5d8f-c1c9-4368-b481-67762eb41f0f,9e263c2e-2cf7-44cd-81e5-75a0252945a1,shipper,5
d19b5d8f-c1c9-4368-b481-67762eb41f0f,5a546a9f-4ddf-4c19-9b83-d659726fc137,driver,5
d19b5d8f-c1c9-4368-b481-67762eb41f0f,9e263c2e-2cf7-44cd-81e5-75a0252945a1,shipper,4
e9679db3-c267-4596-9780-253cb50a8675,69dc6351-3e90-4155-9ccd-371b5c0cdbf3,driver,5
e9679db3-c267-4596-9780-253cb50a8675,0c5b9a76-0df0-4cfe-a517-44dacd1d83a5,shipper,5
e9679db3-c267-4596-9780-253cb50a8675,3cb3181a-1d19-4827-b8eb-3faba1e231e3,driver,3
e9679db3-c267-4596-9780-253cb50a8675,0c5b9a76-0df0-4cfe-a517-44dacd1d83a5,shipper,5
e9679db3-c267-4596-9780-253cb50a8675,c787e085-877f-4d78-a2c0-2d7e54816f5c,driver,5
e9679db3-c267-4596-9780-253cb50a8675,0c5b9a76-0df0-4cfe-a517-44dacd1d83a5,shipper,5
a7d8d00b-0608-4ab1-abe7-af633867e468,c787e085-877f-4d78-a2c0-2d7e54816f5c,driver,5
a7d8d00b-0608-4ab1-abe7-af633867e468,872648c2-0487-475d-951b-54c735f492bc,shipper,5
a7d8d00b-0608-4ab1-abe7-af633867e468,ca72bc65-aac8-4954-8b12-0a27325a1ce7,driver,2
a7d8d00b-0608-4ab1-abe7-af633867e468,872648c2-0487-475d-951b-54c735f492bc,shipper,4
f93331a1-3141-4776-9a77-f9a721302fd8,ca72bc65-aac8-4954-8b12-0a27325a1ce7,driver,3
f93331a1-3141-4776-9a77-f9a721302fd8,6c7bbdff-9d14-4785-8839-60ad5a9ef6e3,shipper,4
1c76175b-7fa0-4a81-9f78-d02f64ce548a,aecd6e72-018b-448f-a8dd-3e84d11fdeea,driver,5
1c76175b-7fa0-4a81-9f78-d02f64ce548a,9f9a60a1-b182-4190-b274-35482830e3d2,shipper,4
50c4d69d-d5ee-4f4e-8381-a433cd24c86c,f0496c8a-1f5c-4cdb-b570-7a6925cd94f7,driver,5
50c4d69d-d5ee-4f4e-8381-a433cd24c86c,9a5561af-bb9a-476d-8879-d63051ff2392,shipper,5
595ce866-3eef-432e-a569-091aad21f02e,083714ac-54b3-4d64-bc00-704dc355b5f8,driver,4
595ce866-3eef-432e-a569-091aad21f02e,dd1f7c85-51f1-402e-b9f6-ab2f6e4865ba,shipper,5
595ce866-3eef-432e-a569-091aad21f02e,5a546a9f-4ddf-4c19-9b83-d659726fc137,driver,3
595ce866-3eef-432e-a569-091aad21f02e,dd1f7c85-51f1-402e-b9f6-ab2f6e4865ba,shipper,5
fb7792ae-4885-4454-80b4-6ab894e490f4,3cb3181a-1d19-4827-b8eb-3faba1e231e3,driver,5
fb7792ae-4885-4454-80b4-6ab894e490f4,095ad917-ac53-451c-97d2-405f4aca498f,shipper,5
fb7792ae-4885-4454-80b4-6ab894e490f4,f0496c8a-1f5c-4cdb-b570-7a6925cd94f7,driver,5
fb7792ae-4885-4454-80b4-6ab894e490f4,095ad917-ac53-451c-97d2-405f4aca498f,shipper,5
1e37dfa4-61f2-48f3-afd7-ea921733f201,6d65ee0b-0d87-4816-9b43-1e74af2b76bd,driver,4
1e37dfa4-61f2-48f3-afd7-ea921733f201,5967d7e4-0f0e-419c-b3ff-4fdf398db1ce,shipper,5
81f92903-ce03-407a-a4d3-1a09892c1532,2d28751d-70ba-4487-82d5-095cea62b22f,driver,4
81f92903-ce03-407a-a4d3-1a09892c1532,f680cc7d-ebea-402d-b3d3-5ee249dc0e8b,shipper,5
81f92903-ce03-407a-a4d3-1a09892c1532,69dc6351-3e90-4155-9ccd-371b5c0cdbf3,driver,3
81f92903-ce03-407a-a4d3-1a09892c1532,f680cc7d-ebea-402d-b3d3-5ee249dc0e8b,shipper,5
81f92903-ce03-407a-a4d3-1a09892c1532,0eefecd2-5b8c-4f61-ae34-838b16b53659,driver,4
81f92903-ce03-407a-a4d3-1a09892c1532,f680cc7d-ebea-402d-b3d3-5ee249dc0e8b,shipper,5
f8bcbba9-c411-461f-888a-9b650305a8aa,083714ac-54b3-4d64-bc00-704dc355b5f8,driver,5
f8bcbba9-c411-461f-888a-9b650305a8aa,9a5561af-bb9a-476d-8879-d63051ff2392,shipper,4
f8bcbba9-c411-461f-888a-9b650305a8aa,463a85e7-e033-4bec-a267-bfa7aa85640d,driver,4
f8bcbba9-c411-461f-888a-9b650305a8aa,9a5561af-bb9a-476d-8879-d63051ff2392,shipper,5
b63d9db5-4c7d-4487-b3b1-1a5005ad3436,f90f6baa-4c59-416d-9cdd-708265156686,driver,5
b63d9db5-4c7d-4487-b3b1-1a5005ad3436,3a383b31-c880-407c-a179-71f2a88107fc,shipper,5
b63d9db5-4c7d-4487-b3b1-1a5005ad3436,66e7f631-029c-4810-92a9-8026854edd3f,driver,5
b63d9db5-4c7d-4487-b3b1-1a5005ad3436,3a383b31-c880-407c-a179-71f2a88107fc,shipper,3
b63d9db5-4c7d-4487-b3b1-1a5005ad3436,66e7f631-029c-4810-92a9-8026854edd3f,driver,2
b63d9db5-4c7d-4487-b3b1-1a5005ad3436,3a383b31-c880-407c-a179-71f2a88107fc,shipper,4
10f0f415-870f-4a74-97b4-8de611e8a837,f9bb1bc7-b852-4cb0-9053-42f9f3eea8bc,driver,5
10f0f415-870f-4a74-97b4-8de611e8a837,3db8a97c-f512-4e3d-9289-895eac690ca6,shipper,4
10f0f415-870f-4a74-97b4-8de611e8a837,463a85e7-e033-4bec-a267-bfa7aa85640d,driver,5
10f0f415-870f-4a74-97b4-8de611e8a837,3db8a97c-f512-4e3d-9289-895eac690ca6,shipper,5
10f0f415-870f-4a74-97b4-8de611e8a837,894888f1-c248-403f-aca9-cddaac265db4,driver,5
10f0f415-870f-4a74-97b4-8de611e8a837,3db8a97c-f512-4e3d-9289-895eac690ca6,shipper,5
10f0f415-870f-4a74-97b4-8de611e8a837,18302a3a-1801-411a-8579-869b4ba4edff,driver,4
10f0f415-870f-4a74-97b4-8de611e8a837,3db8a97c-f512-4e3d-9289-895eac690ca6,shipper,5
10f0f415-870f-4a74-97b4-8de611e8a837,0aa62c09-bc7a-4951-9708-4a86275ad8c6,driver,5
10f0f415-870f-4a74-97b4-8de611e8a837,3db8a97c-f512-4e3d-9289-895eac690ca6,shipper,5
48f0ef8b-4635-4d6a-8db4-b6beb16657d0,fc6966be-098b-43a6-a653-1fa3b599e23e,driver,5
48f0ef8b-4635-4d6a-8db4-b6beb16657d0,0d40c9b7-2d30-4bf8-80aa-28c821e3e77e,shipper,5
48f0ef8b-4635-4d6a-8db4-b6beb16657d0,894888f1-c248-403f-aca9-cddaac265db4,driver,5
48f0ef8b-4635-4d6a-8db4-b6beb16657d0,0d40c9b7-2d30-4bf8-80aa-28c821e3e77e,shipper,3
48f0ef8b-4635-4d6a-8db4-b6beb16657d0,0f6665ac-5ddd-43a7-a9a3-d15d46cfbc97,driver,5
48f0ef8b-4635-4d6a-8db4-b6beb16657d0,0d40c9b7-2d30-4bf8-80aa-28c821e3e77e,shipper,5
3b5fd010-41a4-4f37-b5e8-420893b429f1,18302a3a-1801-411a-8579-869b4ba4edff,driver,5
3b5fd010-41a4-4f37-b5e8-420893b429f1,4752ae33-8c47-40e1-be3b-c97c51f20f83,shipper,5
cb6ee2dc-957a-40cd-ada6-4fccc70af3c7,aecd6e72-018b-448f-a8dd-3e84d11fdeea,driver,5
cb6ee2dc-957a-40cd-ada6-4fccc70af3c7,2930953b-27e4-4692-aa41-b73cd590667f,shipper,5
95f48df6-b23c-4847-a6b7-7f88977bbe28,00d3503e-ffe5-4e26-84be-9007a8a81e4c,driver,3
95f48df6-b23c-4847-a6b7-7f88977bbe28,3a9c9ffc-5812-45ae-9d2d-64da1936b8ca,shipper,5
d3a6f840-d473-463f-a585-56105c942a4a,3fc6f138-6045-4882-8a16-2692f69d4228,driver,5
d3a6f840-d473-463f-a585-56105c942a4a,0dc0c367-01cf-40ab-b90a-05ea11e33f4a,shipper,5
0a8d53a5-5c0a-4a6e-9df9-721bb3aa5ea0,d265c88a-1052-4bc1-b426-bc9a3e77f666,driver,3
0a8d53a5-5c0a-4a6e-9df9-721bb3aa5ea0,9f27e1b9-013a-4442-89e7-cdad839d9e13,shipper,5
08b85715-18a7-4c79-8790-6d391ab6d7d7,ade5ec49-869b-47d3-b852-1a9ceedbe841,driver,5
08b85715-18a7-4c79-8790-6d391ab6d7d7,a7645519-9b3e-476f-8d8a-8a010697b4eb,shipper,5
08b85715-18a7-4c79-8790-6d391ab6d7d7,d265c88a-1052-4bc1-b426-bc9a3e77f666,driver,4
08b85715-18a7-4c79-8790-6d391ab6d7d7,a7645519-9b3e-476f-8d8a-8a010697b4eb,shipper,5
d23af861-3603-4617-bf8d-fec14096a032,0eefecd2-5b8c-4f61-ae34-838b16b53659,driver,5
d23af861-3603-4617-bf8d-fec14096a032,3a9c9ffc-5812-45ae-9d2d-64da1936b8ca,shipper,5
d23af861-3603-4617-bf8d-fec14096a032,8462dc55-59d5-47f4-8209-5f47c6bf99ca,driver,5
d23af861-3603-4617-bf8d-fec14096a032,3a9c9ffc-5812-45ae-9d2d-64da1936b8ca,shipper,4
d23af861-3603-4617-bf8d-fec14096a032,aecd6e72-018b-448f-a8dd-3e84d11fdeea,driver,5
d23af861-3603-4617-bf8d-fec14096a032,3a9c9ffc-5812-45ae-9d2d-64da1936b8ca,shipper,5
d23af861-3603-4617-bf8d-fec14096a032,a2de8edd-b399-484f-8151-3a5ef1d893b0,driver,5
d23af861-3603-4617-bf8d-fec14096a032,3a9c9ffc-5812-45ae-9d2d-64da1936b8ca,shipper,2
d23af861-3603-4617-bf8d-fec14096a032,5a546a9f-4ddf-4c19-9b83-d659726fc137,driver,5
d23af861-3603-4617-bf8d-fec14096a032,3a9c9ffc-5812-45ae-9d2d-64da1936b8ca,shipper,5
5e8b635b-15d0-4520-bb03-6626668ab34e,2d28751d-70ba-4487-82d5-095cea62b22f,driver,5
5e8b635b-15d0-4520-bb03-6626668ab34e,dfe38341-ca49-46d7-ad32-5e3eb2212bc0,shipper,5
cbf66342-19c2-4daa-a99c-7776756790a5,6d65ee0b-0d87-4816-9b43-1e74af2b76bd,driver,4
cbf66342-19c2-4daa-a99c-7776756790a5,9f765660-3e4b-44b2-a43b-ccfbb5e8f159,shipper,5
cbf66342-19c2-4daa-a99c-7776756790a5,01d788c4-9b57-4add-abf0-739f958b4aa3,driver,3
cbf66342-19c2-4daa-a99c-7776756790a5,9f765660-3e4b-44b2-a43b-ccfbb5e8f159,shipper,5
cbf66342-19c2-4daa-a99c-7776756790a5,8a6a00d5-73da-4ff5-9558-5f0841ca0cde,driver,5
cbf66342-19c2-4daa-a99c-7776756790a5,9f765660-3e4b-44b2-a43b-ccfbb5e8f159,shipper,3
d134c32c-594a-43f1-a807-fd3438e3ae42,00d3503e-ffe5-4e26-84be-9007a8a81e4c,driver,4
d134c32c-594a-43f1-a807-fd3438e3ae42,544105af-97ea-4526-94ec-724000ecf88c,shipper,5
d134c32c-594a-43f1-a807-fd3438e3ae42,ade5ec49-869b-47d3-b852-1a9ceedbe841,driver,5
d134c32c-594a-43f1-a807-fd3438e3ae42,544105af-97ea-4526-94ec-724000ecf88c,shipper,3
dcdfa794-f51d-426e-9b91-6f3e390f893c,2d28751d-70ba-4487-82d5-095cea62b22f,driver,5
dcdfa794-f51d-426e-9b91-6f3e390f893c,3db8a97c-f512-4e3d-9289-895eac690ca6,shipper,5
8c94bc27-e9d6-42aa-95df-16b615e2f722,9db88e80-6a44-4430-b307-494694355bcb,driver,5
8c94bc27-e9d6-42aa-95df-16b615e2f722,c8bbf470-efb2-40c7-be1b-1e6a320fe008,shipper,4
8c94bc27-e9d6-42aa-95df-16b615e2f722,894888f1-c248-403f-aca9-cddaac265db4,driver,5
8c94bc27-e9d6-42aa-95df-16b615e2f722,c8bbf470-efb2-40c7-be1b-1e6a320fe008,shipper,5
8c94bc27-e9d6-42aa-95df-16b615e2f722,7a135a62-fc87-4ff4-aa59-1019fc6df31e,driver,5
8c94bc27-e9d6-42aa-95df-16b615e2f722,c8bbf470-efb2-40c7-be1b-1e6a320fe008,shipper,5
8c94bc27-e9d6-42aa-95df-16b615e2f722,7c1ae16d-496a-4d0f-b401-8ae3e76b86ab,driver,4
8c94bc27-e9d6-42aa-95df-16b615e2f722,c8bbf470-efb2-40c7-be1b-1e6a320fe008,shipper,5
674420e8-caba-4dcf-a265-9cc8a6706087,0790fa20-df4f-43aa-b491-56eb44a3e0b6,driver,5
674420e8-caba-4dcf-a265-9cc8a6706087,92e19202-5496-4c1a-888a-7756e046137d,shipper,5
674420e8-caba-4dcf-a265-9cc8a6706087,66e7f631-029c-4810-92a9-8026854edd3f,driver,4
674420e8-caba-4dcf-a265-9cc8a6706087,92e19202-5496-4c1a-888a-7756e046137d,shipper,5
674420e8-caba-4dcf-a265-9cc8a6706087,0f7a5a1e-c1b1-4db5-b7bc-22c0b78c5171,driver,5
674420e8-caba-4dcf-a265-9cc8a6706087,92e19202-5496-4c1a-888a-7756e046137d,shipper,5
674420e8-caba-4dcf-a265-9cc8a6706087,d265c88a-1052-4bc1-b426-bc9a3e77f666,driver,5
674420e8-caba-4dcf-a265-9cc8a6706087,92e19202-5496-4c1a-888a-7756e046137d,shipper,5
9c6a4c64-13f7-4494-b94a-096a8f8239cd,6be0475c-e19c-4d4f-aced-f1b613d87548,driver,4
9c6a4c64-13f7-4494-b94a-096a8f8239cd,7c630bbd-af23-4a3d-8f02-0a0c15560199,shipper,5
9c6a4c64-13f7-4494-b94a-096a8f8239cd,ca72bc65-aac8-4954-8b12-0a27325a1ce7,driver,3
9c6a4c64-13f7-4494-b94a-096a8f8239cd,7c630bbd-af23-4a3d-8f02-0a0c15560199,shipper,5
9c6a4c64-13f7-4494-b94a-096a8f8239cd,aecd6e72-018b-448f-a8dd-3e84d11fdeea,driver,3
9c6a4c64-13f7-4494-b94a-096a8f8239cd,7c630bbd-af23-4a3d-8f02-0a0c15560199,shipper,3
ac075885-ffc1-415e-8262-9ac3ab8920d3,894888f1-c248-403f-aca9-cddaac265db4,driver,3
ac075885-ffc1-415e-8262-9ac3ab8920d3,78f793c7-edba-4168-bc93-724607d87072,shipper,5
ac075885-ffc1-415e-8262-9ac3ab8920d3,eef8d72c-0ab6-40fa-a165-615edc5821f1,driver,5
ac075885-ffc1-415e-8262-9ac3ab8920d3,78f793c7-edba-4168-bc93-724607d87072,shipper,5
73888c6a-292f-430e-9d8e-c1f5c0933b78,01d788c4-9b57-4add-abf0-739f958b4aa3,driver,5
73888c6a-292f-430e-9d8e-c1f5c0933b78,fba70d70-f9de-456a-be6c-5343ba8cb49d,shipper,4
0d6f4adf-3e21-4428-a96e-c33dbdb47ddb,0aa62c09-bc7a-4951-9708-4a86275ad8c6,driver,5
0d6f4adf-3e21-4428-a96e-c33dbdb47ddb,7a1bf95b-8ddc-4f32-ab6e-622e3c3458c8,shipper,5
0d6f4adf-3e21-4428-a96e-c33dbdb47ddb,eef8d72c-0ab6-40fa-a165-615edc5821f1,driver,5
0d6f4adf-3e21-4428-a96e-c33dbdb47ddb,7a1bf95b-8ddc-4f32-ab6e-622e3c3458c8,shipper,4
5d4eb47a-17e6-4c98-86e9-7a688d962155,a3a4745c-eb66-433a-b40b-557c0883d783,driver,5
5d4eb47a-17e6-4c98-86e9-7a688d962155,3a383b31-c880-407c-a179-71f2a88107fc,shipper,5
10edb9e5-ad11-44a1-96d9-a1a71c87a881,0aa62c09-bc7a-4951-9708-4a86275ad8c6,driver,5
10edb9e5-ad11-44a1-96d9-a1a71c87a881,1b352524-fa65-4d40-adc4-c3b6ec9b1862,shipper,5
71eea904-acf6-4e32-8e98-4a6a29144b75,5a546a9f-4ddf-4c19-9b83-d659726fc137,driver,5
71eea904-acf6-4e32-8e98-4a6a29144b75,1194059e-ad07-4b75-b221-99930a47c946,shipper,3
71eea904-acf6-4e32-8e98-4a6a29144b75,0790fa20-df4f-43aa-b491-56eb44a3e0b6,driver,5
71eea904-acf6-4e32-8e98-4a6a29144b75,1194059e-ad07-4b75-b221-99930a47c946,shipper,5
59526136-dd01-407f-88c0-10af9f28d959,6be0475c-e19c-4d4f-aced-f1b613d87548,driver,4
59526136-dd01-407f-88c0-10af9f28d959,ed3c6913-661a-400f-87c9-22d1a8634477,shipper,4
59526136-dd01-407f-88c0-10af9f28d959,8462dc55-59d5-47f4-8209-5f47c6bf99ca,driver,4
59526136-dd01-407f-88c0-10af9f28d959,ed3c6913-661a-400f-87c9-22d1a8634477,shipper,5
e54ee320-8699-4dce-b6e5-d2ea075ebb94,0f6665ac-5ddd-43a7-a9a3-d15d46cfbc97,driver,4
e54ee320-8699-4dce-b6e5-d2ea075ebb94,b5e74178-5094-4f54-a5b6-dee4f5312a44,shipper,5
e54ee320-8699-4dce-b6e5-d2ea075ebb94,26501679-586c-4236-a890-97e1687dc818,driver,5
e54ee320-8699-4dce-b6e5-d2ea075ebb94,b5e74178-5094-4f54-a5b6-dee4f5312a44,shipper,5
5844818b-1964-4775-8da1-a2492b1cb5ab,ade5ec49-869b-47d3-b852-1a9ceedbe841,driver,5
5844818b-1964-4775-8da1-a2492b1cb5ab,ea7b654c-22fa-4491-ab89-99c8a8867ddd,shipper,5
5844818b-1964-4775-8da1-a2492b1cb5ab,a3a4745c-eb66-433a-b40b-557c0883d783,driver,2
5844818b-1964-4775-8da1-a2492b1cb5ab,ea7b654c-22fa-4491-ab89-99c8a8867ddd,shipper,5
274af928-193a-4a29-9690-dcff6b21e63d,fc6966be-098b-43a6-a653-1fa3b599e23e,driver,5
274af928-193a-4a29-9690-dcff6b21e63d,2930953b-27e4-4692-aa41-b73cd590667f,shipper,5
75919410-1534-4238-9620-b373304a3fcc,4642a367-13ec-46f2-8b42-2a9b0cdc2ab5,driver,5
75919410-1534-4238-9620-b373304a3fcc,dd1f7c85-51f1-402e-b9f6-ab2f6e4865ba,shipper,5
33c23c2a-8e5d-4278-84e4-53af31c6e7a9,6478d1df-2c1f-4f3c-aa1e-03fde769c1f7,driver,5
33c23c2a-8e5d-4278-84e4-53af31c6e7a9,02d4af4d-e57b-4f53-8059-c97db89848cb,shipper,5
33c23c2a-8e5d-4278-84e4-53af31c6e7a9,7d45adbe-75c3-4cdd-bd1c-4b311c5baaab,driver,5
33c23c2a-8e5d-4278-84e4-53af31c6e7a9,02d4af4d-e57b-4f53-8059-c97db89848cb,shipper,3
33c23c2a-8e5d-4278-84e4-53af31c6e7a9,b05b01d0-a319-4a48-8fe3-e2a08529ea69,driver,4
33c23c2a-8e5d-4278-84e4-53af31c6e7a9,02d4af4d-e57b-4f53-8059-c97db89848cb,shipper,5
33c23c2a-8e5d-4278-84e4-53af31c6e7a9,f9bb1bc7-b852-4cb0-9053-42f9f3eea8bc,driver,4
33c23c2a-8e5d-4278-84e4-53af31c6e7a9,02d4af4d-e57b-4f53-8059-c97db89848cb,shipper,5
33c23c2a-8e5d-4278-84e4-53af31c6e7a9,3fc6f138-6045-4882-8a16-2692f69d4228,driver,4
33c23c2a-8e5d-4278-84e4-53af31c6e7a9,02d4af4d-e57b-4f53-8059-c97db89848cb,shipper,5
b5770f46-d8cc-492d-9d54-066789f6e6e1,fc6966be-098b-43a6-a653-1fa3b599e23e,driver,3
b5770f46-d8cc-492d-9d54-066789f6e6e1,7903a62d-e2f1-48b8-bc62-790ba1775f27,shipper,4
d51860c8-bb87-4660-8fba-1a925529dce4,8a6a00d5-73da-4ff5-9558-5f0841ca0cde,driver,4
d51860c8-bb87-4660-8fba-1a925529dce4,a42fbc97-be1c-48df-ae6c-fc57046f0193,shipper,5
ea0cfd76-5a8f-44e1-bb60-e2d5f8318931,083442ef-2844-4bf4-90c7-0a4c51e16ed0,driver,5
ea0cfd76-5a8f-44e1-bb60-e2d5f8318931,a4d7443f-33e7-4c22-90f9-c5b01ea5324f,shipper,5
ea0cfd76-5a8f-44e1-bb60-e2d5f8318931,8b1e91b6-790d-4773-851a-de018a249cec,driver,3
ea0cfd76-5a8f-44e1-bb60-e2d5f8318931,a4d7443f-33e7-4c22-90f9-c5b01ea5324f,shipper,5
ea0cfd76-5a8f-44e1-bb60-e2d5f8318931,2d28751d-70ba-4487-82d5-095cea62b22f,driver,5
ea0cfd76-5a8f-44e1-bb60-e2d5f8318931,a4d7443f-33e7-4c22-90f9-c5b01ea5324f,shipper,5
13006d07-1049-400c-9658-ecdeab22e0e4,6d65ee0b-0d87-4816-9b43-1e74af2b76bd,driver,5
13006d07-1049-400c-9658-ecdeab22e0e4,4752ae33-8c47-40e1-be3b-c97c51f20f83,shipper,5
13006d07-1049-400c-9658-ecdeab22e0e4,7d45adbe-75c3-4cdd-bd1c-4b311c5baaab,driver,5
13006d07-1049-400c-9658-ecdeab22e0e4,4752ae33-8c47-40e1-be3b-c97c51f20f83,shipper,4
3bcd654c-16f8-4c4b-87c9-bc59d6b7161b,18302a3a-1801-411a-8579-869b4ba4edff,driver,4
3bcd654c-16f8-4c4b-87c9-bc59d6b7161b,e24e0399-77b3-4126-a9a4-9e3346694f8c,shipper,5
b1e02ec2-e73a-4c5f-9313-d6dbda05468d,0790fa20-df4f-43aa-b491-56eb44a3e0b6,driver,5
b1e02ec2-e73a-4c5f-9313-d6dbda05468d,525431da-6745-4372-91f8-b6b5e6a5e8a4,shipper,4
b1e02ec2-e73a-4c5f-9313-d6dbda05468d,f90f6baa-4c59-416d-9cdd-708265156686,driver,5
b1e02ec2-e73a-4c5f-9313-d6dbda05468d,525431da-6745-4372-91f8-b6b5e6a5e8a4,shipper,5
b1e02ec2-e73a-4c5f-9313-d6dbda05468d,4642a367-13ec-46f2-8b42-2a9b0cdc2ab5,driver,5
b1e02ec2-e73a-4c5f-9313-d6dbda05468d,525431da-6745-4372-91f8-b6b5e6a5e8a4,shipper,5
b1e02ec2-e73a-4c5f-9313-d6dbda05468d,9db88e80-6a44-4430-b307-494694355bcb,driver,5
b1e02ec2-e73a-4c5f-9313-d6dbda05468d,525431da-6745-4372-91f8-b6b5e6a5e8a4,shipper,4
b1e02ec2-e73a-4c5f-9313-d6dbda05468d,26501679-586c-4236-a890-97e1687dc818,driver,5
b1e02ec2-e73a-4c5f-9313-d6dbda05468d,525431da-6745-4372-91f8-b6b5e6a5e8a4,shipper,5
9a829149-d5c7-45bf-a930-e4a81d5c99a6,ade5ec49-869b-47d3-b852-1a9ceedbe841,driver,5
9a829149-d5c7-45bf-a930-e4a81d5c99a6,1df22eb2-3e77-4d5f-a4d8-61939e8ab175,shipper,4
a816b5f2-3dda-4348-8a25-ccfe47ac7f9a,a3a4745c-eb66-433a-b40b-557c0883d783,driver,4
a816b5f2-3dda-4348-8a25-ccfe47ac7f9a,3a383b31-c880-407c-a179-71f2a88107fc,shipper,4
a816b5f2-3dda-4348-8a25-ccfe47ac7f9a,6478d1df-2c1f-4f3c-aa1e-03fde769c1f7,driver,5
a816b5f2-3dda-4348-8a25-ccfe47ac7f9a,3a383b31-c880-407c-a179-71f2a88107fc,shipper,5
9ae4bb85-d4d2-4ce1-83f1-ec7afbc25aee,837cfbee-afbc-4408-b0d4-a3037b7f109f,driver,4
9ae4bb85-d4d2-4ce1-83f1-ec7afbc25aee,7903a62d-e2f1-48b8-bc62-790ba1775f27,shipper,5
32c929c4-a1b1-456a-ba09-e2f70b65052d,1f148489-0bcb-4470-8354-42eed5c4f971,driver,5
32c929c4-a1b1-456a-ba09-e2f70b65052d,b926056f-973d-43f1-8e47-87fa4b016be1,shipper,5
82638594-d67c-4d42-8b30-2bdf4eb7a3c6,0f7a5a1e-c1b1-4db5-b7bc-22c0b78c5171,driver,5
82638594-d67c-4d42-8b30-2bdf4eb7a3c6,ea7b654c-22fa-4491-ab89-99c8a8867ddd,shipper,5
44629133-2092-4af1-86e8-df684e57111c,a3a4745c-eb66-433a-b40b-557c0883d783,driver,5
44629133-2092-4af1-86e8-df684e57111c,05bca4d0-e57e-4319-9aad-09bd603ef17a,shipper,5
44629133-2092-4af1-86e8-df684e57111c,26501679-586c-4236-a890-97e1687dc818,driver,4
44629133-2092-4af1-86e8-df684e57111c,05bca4d0-e57e-4319-9aad-09bd603ef17a,shipper,4
84342ace-9650-4096-8543-371c1e49ba5b,0b6812d6-5270-4d50-bba5-1cd2f77ebe2e,driver,4
84342ace-9650-4096-8543-371c1e49ba5b,bfdb26b1-0506-4a6c-9fb9-f9174984b376,shipper,4
19264eab-4e8d-452b-ab86-11b39cb6040d,f9bb1bc7-b852-4cb0-9053-42f9f3eea8bc,driver,5
19264eab-4e8d-452b-ab86-11b39cb6040d,f8faa4bb-04fd-4ec5-9883-6c1407b37cfa,shipper,5
19264eab-4e8d-452b-ab86-11b39cb6040d,7c1ae16d-496a-4d0f-b401-8ae3e76b86ab,driver,5
19264eab-4e8d-452b-ab86-11b39cb6040d,f8faa4bb-04fd-4ec5-9883-6c1407b37cfa,shipper,5
19264eab-4e8d-452b-ab86-11b39cb6040d,310f7ff6-c724-4278-b409-74d1ab8bf019,driver,5
19264eab-4e8d-452b-ab86-11b39cb6040d,f8faa4bb-04fd-4ec5-9883-6c1407b37cfa,shipper,5
19264eab-4e8d-452b-ab86-11b39cb6040d,26501679-586c-4236-a890-97e1687dc818,driver,5
19264eab-4e8d-452b-ab86-11b39cb6040d,f8faa4bb-04fd-4ec5-9883-6c1407b37cfa,shipper,4
19264eab-4e8d-452b-ab86-11b39cb6040d,0eefecd2-5b8c-4f61-ae34-838b16b53659,driver,5
19264eab-4e8d-452b-ab86-11b39cb6040d,f8faa4bb-04fd-4ec5-9883-6c1407b37cfa,shipper,3
cd080358-81fd-4521-a27e-c4e88f2c3c5a,aecd6e72-018b-448f-a8dd-3e84d11fdeea,driver,5
cd080358-81fd-4521-a27e-c4e88f2c3c5a,579cb585-d846-49eb-bef7-e51402810c4e,shipper,4
cd080358-81fd-4521-a27e-c4e88f2c3c5a,ade5ec49-869b-47d3-b852-1a9ceedbe841,driver,5
cd080358-81fd-4521-a27e-c4e88f2c3c5a,579cb585-d846-49eb-bef7-e51402810c4e,shipper,5
6b645959-79bb-4a54-8bc6-fc33b2c1d329,0f7a5a1e-c1b1-4db5-b7bc-22c0b78c5171,driver,5
6b645959-79bb-4a54-8bc6-fc33b2c1d329,e169fa46-6e01-440e-ab14-ed43e429e760,shipper,5
2d764ab1-5ef9-4299-9674-6b4b183675e1,a3a4745c-eb66-433a-b40b-557c0883d783,driver,5
2d764ab1-5ef9-4299-9674-6b4b183675e1,96e0997f-71e3-49bb-9385-df9a5edbd8ec,shipper,5
466bca09-9c54-487b-b663-7722db942e65,3fc6f138-6045-4882-8a16-2692f69d4228,driver,5
466bca09-9c54-487b-b663-7722db942e65,c8bbf470-efb2-40c7-be1b-1e6a320fe008,shipper,5
ea77a459-eee2-4962-bbc7-d811e535f4e4,6be0475c-e19c-4d4f-aced-f1b613d87548,driver,5
ea77a459-eee2-4962-bbc7-d811e535f4e4,7df0e7bd-66eb-4857-822c-477a50884ecd,shipper,5
12bbacba-41b8-4980-8799-da3eda3a3dda,4642a367-13ec-46f2-8b42-2a9b0cdc2ab5,driver,5
12bbacba-41b8-4980-8799-da3eda3a3dda,2930953b-27e4-4692-aa41-b73cd590667f,shipper,5
12bbacba-41b8-4980-8799-da3eda3a3dda,18302a3a-1801-411a-8579-869b4ba4edff,driver,5
12bbacba-41b8-4980-8799-da3eda3a3dda,2930953b-27e4-4692-aa41-b73cd590667f,shipper,5
08f226b7-5546-4fcc-a1a9-1c78335a6ceb,3cb3181a-1d19-4827-b8eb-3faba1e231e3,driver,4
08f226b7-5546-4fcc-a1a9-1c78335a6ceb,7c630bbd-af23-4a3d-8f02-0a0c15560199,shipper,4
08f226b7-5546-4fcc-a1a9-1c78335a6ceb,66e7f631-029c-4810-92a9-8026854edd3f,driver,5
08f226b7-5546-4fcc-a1a9-1c78335a6ceb,7c630bbd-af23-4a3d-8f02-0a0c15560199,shipper,5
a2b8f05a-4482-44e3-9aad-6005ce29f686,d265c88a-1052-4bc1-b426-bc9a3e77f666,driver,5
a2b8f05a-4482-44e3-9aad-6005ce29f686,b2b0a972-c4f2-4d48-a3d6-f519bdb65e2d,shipper,5
fff854ad-93a2-4909-871d-d071daa5a577,2d28751d-70ba-4487-82d5-095cea62b22f,driver,5
fff854ad-93a2-4909-871d-d071daa5a577,9e263c2e-2cf7-44cd-81e5-75a0252945a1,shipper,4
fff854ad-93a2-4909-871d-d071daa5a577,6478d1df-2c1f-4f3c-aa1e-03fde769c1f7,driver,5
fff854ad-93a2-4909-871d-d071daa5a577,9e263c2e-2cf7-44cd-81e5-75a0252945a1,shipper,5
fff854ad-93a2-4909-871d-d071daa5a577,083714ac-54b3-4d64-bc00-704dc355b5f8,driver,5
fff854ad-93a2-4909-871d-d071daa5a577,9e263c2e-2cf7-44cd-81e5-75a0252945a1,shipper,3
fff854ad-93a2-4909-871d-d071daa5a577,7c1ae16d-496a-4d0f-b401-8ae3e76b86ab,driver,5
fff854ad-93a2-4909-871d-d071daa5a577,9e263c2e-2cf7-44cd-81e5-75a0252945a1,shipper,5
fff854ad-93a2-4909-871d-d071daa5a577,7d45adbe-75c3-4cdd-bd1c-4b311c5baaab,driver,4
fff854ad-93a2-4909-871d-d071daa5a577,9e263c2e-2cf7-44cd-81e5-75a0252945a1,shipper,4
5ef4fe5a-cd4c-4188-bf8b-eb3c070dd18e,be09b6f7-4efa-4ac9-b363-71f395b927fa,driver,5
5ef4fe5a-cd4c-4188-bf8b-eb3c070dd18e,b926056f-973d-43f1-8e47-87fa4b016be1,shipper,4
5ef4fe5a-cd4c-4188-bf8b-eb3c070dd18e,463a85e7-e033-4bec-a267-bfa7aa85640d,driver,5
5ef4fe5a-cd4c-4188-bf8b-eb3c070dd18e,b926056f-973d-43f1-8e47-87fa4b016be1,shipper,3
5ef4fe5a-cd4c-4188-bf8b-eb3c070dd18e,894888f1-c248-403f-aca9-cddaac265db4,driver,5
5ef4fe5a-cd4c-4188-bf8b-eb3c070dd18e,b926056f-973d-43f1-8e47-87fa4b016be1,shipper,5
5ef4fe5a-cd4c-4188-bf8b-eb3c070dd18e,7d45adbe-75c3-4cdd-bd1c-4b311c5baaab,driver,4
5ef4fe5a-cd4c-4188-bf8b-eb3c070dd18e,b926056f-973d-43f1-8e47-87fa4b016be1,shipper,5
c8248d5d-dd83-4296-b24e-f4c45c3e7769,69dc6351-3e90-4155-9ccd-371b5c0cdbf3,driver,5
c8248d5d-dd83-4296-b24e-f4c45c3e7769,579cb585-d846-49eb-bef7-e51402810c4e,shipper,4
8a888f2a-c372-4367-aa73-a2126669c110,5a546a9f-4ddf-4c19-9b83-d659726fc137,driver,5
8a888f2a-c372-4367-aa73-a2126669c110,b2b0a972-c4f2-4d48-a3d6-f519bdb65e2d,shipper,5
8a888f2a-c372-4367-aa73-a2126669c110,4c8a509f-04a9-4a9e-95f2-50c885ca0979,driver,5
8a888f2a-c372-4367-aa73-a2126669c110,b2b0a972-c4f2-4d48-a3d6-f519bdb65e2d,shipper,5
48e775d4-783a-46e6-8302-81d8c72096d8,aecd6e72-018b-448f-a8dd-3e84d11fdeea,driver,4
48e775d4-783a-46e6-8302-81d8c72096d8,237759a4-ad01-4dd7-b41f-44c926dac557,shipper,5
319629dc-f2fb-483d-bdb9-72cc4afb8029,69dc041e-ef44-4acf-ba8b-2d8da688425f,driver,5
319629dc-f2fb-483d-bdb9-72cc4afb8029,dd1f7c85-51f1-402e-b9f6-ab2f6e4865ba,shipper,5
5bd5d3cb-b1bb-4f66-ad31-de9e1d8177f2,8a6a00d5-73da-4ff5-9558-5f0841ca0cde,driver,5
5bd5d3cb-b1bb-4f66-ad31-de9e1d8177f2,6c310b34-f78a-40ad-b220-742a88107c5c,shipper,5
81e54a32-ac79-4736-8f1c-68a0021aa40e,6be0475c-e19c-4d4f-aced-f1b613d87548,driver,4
81e54a32-ac79-4736-8f1c-68a0021aa40e,4752ae33-8c47-40e1-be3b-c97c51f20f83,shipper,5
81e54a32-ac79-4736-8f1c-68a0021aa40e,01d788c4-9b57-4add-abf0-739f958b4aa3,driver,5
81e54a32-ac79-4736-8f1c-68a0021aa40e,4752ae33-8c47-40e1-be3b-c97c51f20f83,shipper,5
b343eeaa-ed8c-4084-81cc-7dc8fa3a9c0b,463a85e7-e033-4bec-a267-bfa7aa85640d,driver,4
b343eeaa-ed8c-4084-81cc-7dc8fa3a9c0b,ea7b654c-22fa-4491-ab89-99c8a8867ddd,shipper,4
b343eeaa-ed8c-4084-81cc-7dc8fa3a9c0b,0b6812d6-5270-4d50-bba5-1cd2f77ebe2e,driver,4
b343eeaa-ed8c-4084-81cc-7dc8fa3a9c0b,ea7b654c-22fa-4491-ab89-99c8a8867ddd,shipper,5
e663a8b4-33e2-4293-bc09-aaef6f5e5658,0790fa20-df4f-43aa-b491-56eb44a3e0b6,driver,3
e663a8b4-33e2-4293-bc09-aaef6f5e5658,51efcc79-33f3-4355-a328-afb72c842614,shipper,5
c5f174ae-911b-468b-96a2-35dfa2ec4c6a,463a85e7-e033-4bec-a267-bfa7aa85640d,driver,5
c5f174ae-911b-468b-96a2-35dfa2ec4c6a,544105af-97ea-4526-94ec-724000ecf88c,shipper,5
c5f174ae-911b-468b-96a2-35dfa2ec4c6a,3fc247b8-f090-4cea-81a6-9112ffe9f796,driver,5
c5f174ae-911b-468b-96a2-35dfa2ec4c6a,544105af-97ea-4526-94ec-724000ecf88c,shipper,5
c5f174ae-911b-468b-96a2-35dfa2ec4c6a,00d3503e-ffe5-4e26-84be-9007a8a81e4c,driver,4
c5f174ae-911b-468b-96a2-35dfa2ec4c6a,544105af-97ea-4526-94ec-724000ecf88c,shipper,5
e326f019-0b3b-4583-983d-946c43a50870,fc6966be-098b-43a6-a653-1fa3b599e23e,driver,3
e326f019-0b3b-4583-983d-946c43a50870,5967d7e4-0f0e-419c-b3ff-4fdf398db1ce,shipper,5
e326f019-0b3b-4583-983d-946c43a50870,2d28751d-70ba-4487-82d5-095cea62b22f,driver,5
e326f019-0b3b-4583-983d-946c43a50870,5967d7e4-0f0e-419c-b3ff-4fdf398db1ce,shipper,5
e326f019-0b3b-4583-983d-946c43a50870,be09b6f7-4efa-4ac9-b363-71f395b927fa,driver,5
e326f019-0b3b-4583-983d-946c43a50870,5967d7e4-0f0e-419c-b3ff-4fdf398db1ce,shipper,5
8a12cff5-7a24-40b8-a533-0fd45080e27c,00d3503e-ffe5-4e26-84be-9007a8a81e4c,driver,4
8a12cff5-7a24-40b8-a533-0fd45080e27c,5967d7e4-0f0e-419c-b3ff-4fdf398db1ce,shipper,3
8a12cff5-7a24-40b8-a533-0fd45080e27c,2d28751d-70ba-4487-82d5-095cea62b22f,driver,5
8a12cff5-7a24-40b8-a533-0fd45080e27c,5967d7e4-0f0e-419c-b3ff-4fdf398db1ce,shipper,5
8a12cff5-7a24-40b8-a533-0fd45080e27c,69dc041e-ef44-4acf-ba8b-2d8da688425f,driver,5
8a12cff5-7a24-40b8-a533-0fd45080e27c,5967d7e4-0f0e-419c-b3ff-4fdf398db1ce,shipper,5
b817b477-2beb-4306-9bb1-ae641f154627,5a546a9f-4ddf-4c19-9b83-d659726fc137,driver,5
b817b477-2beb-4306-9bb1-ae641f154627,96e0997f-71e3-49bb-9385-df9a5edbd8ec,shipper,5
b817b477-2beb-4306-9bb1-ae641f154627,0eefecd2-5b8c-4f61-ae34-838b16b53659,driver,5
b817b477-2beb-4306-9bb1-ae641f154627,96e0997f-71e3-49bb-9385-df9a5edbd8ec,shipper,5
b817b477-2beb-4306-9bb1-ae641f154627,a2de8edd-b399-484f-8151-3a5ef1d893b0,driver,5
b817b477-2beb-4306-9bb1-ae641f154627,96e0997f-71e3-49bb-9385-df9a5edbd8ec,shipper,3
a79c3787-b43f-4336-800e-82807199a84e,a7a60420-d4d7-48b2-9da8-19504b752bd6,driver,5
a79c3787-b43f-4336-800e-82807199a84e,9a5561af-bb9a-476d-8879-d63051ff2392,shipper,3
a79c3787-b43f-4336-800e-82807199a84e,00d3503e-ffe5-4e26-84be-9007a8a81e4c,driver,5
a79c3787-b43f-4336-800e-82807199a84e,9a5561af-bb9a-476d-8879-d63051ff2392,shipper,5
a79c3787-b43f-4336-800e-82807199a84e,6478d1df-2c1f-4f3c-aa1e-03fde769c1f7,driver,5
a79c3787-b43f-4336-800e-82807199a84e,9a5561af-bb9a-476d-8879-d63051ff2392,shipper,5
a79c3787-b43f-4336-800e-82807199a84e,5a546a9f-4ddf-4c19-9b83-d659726fc137,driver,4
a79c3787-b43f-4336-800e-82807199a84e,9a5561af-bb9a-476d-8879-d63051ff2392,shipper,4
52d7a2f6-a1e8-430e-bc51-dc90dce30517,6d65ee0b-0d87-4816-9b43-1e74af2b76bd,driver,5
52d7a2f6-a1e8-430e-bc51-dc90dce30517,acf70833-a3ac-4efb-bf9f-004b099d3b76,shipper,4
feb14f75-8951-4ad0-8d51-de2afe6f2595,7d45adbe-75c3-4cdd-bd1c-4b311c5baaab,driver,4
feb14f75-8951-4ad0-8d51-de2afe6f2595,2930953b-27e4-4692-aa41-b73cd590667f,shipper,5
feb14f75-8951-4ad0-8d51-de2afe6f2595,ca72bc65-aac8-4954-8b12-0a27325a1ce7,driver,2
feb14f75-8951-4ad0-8d51-de2afe6f2595,2930953b-27e4-4692-aa41-b73cd590667f,shipper,5
6edd17dc-5147-4603-a1f7-6df1b1bfb56f,2d28751d-70ba-4487-82d5-095cea62b22f,driver,5
6edd17dc-5147-4603-a1f7-6df1b1bfb56f,dfe38341-ca49-46d7-ad32-5e3eb2212bc0,shipper,5
6edd17dc-5147-4603-a1f7-6df1b1bfb56f,a7a60420-d4d7-48b2-9da8-19504b752bd6,driver,5
6edd17dc-5147-4603-a1f7-6df1b1bfb56f,dfe38341-ca49-46d7-ad32-5e3eb2212bc0,shipper,5
6edd17dc-5147-4603-a1f7-6df1b1bfb56f,4642a367-13ec-46f2-8b42-2a9b0cdc2ab5,driver,5
6edd17dc-5147-4603-a1f7-6df1b1bfb56f,dfe38341-ca49-46d7-ad32-5e3eb2212bc0,shipper,3
b6c4a2fd-414a-4ca5-8325-bd35dae23808,6be0475c-e19c-4d4f-aced-f1b613d87548,driver,5
b6c4a2fd-414a-4ca5-8325-bd35dae23808,a42fbc97-be1c-48df-ae6c-fc57046f0193,shipper,3
b6c4a2fd-414a-4ca5-8325-bd35dae23808,8b1e91b6-790d-4773-851a-de018a249cec,driver,5
b6c4a2fd-414a-4ca5-8325-bd35dae23808,a42fbc97-be1c-48df-ae6c-fc57046f0193,shipper,5
2bef0bac-306f-42d1-94ec-35595c9a4e5c,aecd6e72-018b-448f-a8dd-3e84d11fdeea,driver,5
2bef0bac-306f-42d1-94ec-35595c9a4e5c,1df22eb2-3e77-4d5f-a4d8-61939e8ab175,shipper,5
2bef0bac-306f-42d1-94ec-35595c9a4e5c,b41f802e-0393-409e-935b-003cfa28c0bd,driver,4
2bef0bac-306f-42d1-94ec-35595c9a4e5c,1df22eb2-3e77-4d5f-a4d8-61939e8ab175,shipper,4
2bef0bac-306f-42d1-94ec-35595c9a4e5c,0790fa20-df4f-43aa-b491-56eb44a3e0b6,driver,5
2bef0bac-306f-42d1-94ec-35595c9a4e5c,1df22eb2-3e77-4d5f-a4d8-61939e8ab175,shipper,5
a57e2353-29ab-422d-bdb5-a14408d848de,a3a4745c-eb66-433a-b40b-557c0883d783,driver,5
a57e2353-29ab-422d-bdb5-a14408d848de,9f9a60a1-b182-4190-b274-35482830e3d2,shipper,5
a57e2353-29ab-422d-bdb5-a14408d848de,a3a4745c-eb66-433a-b40b-557c0883d783,driver,5
a57e2353-29ab-422d-bdb5-a14408d848de,9f9a60a1-b182-4190-b274-35482830e3d2,shipper,4
a57e2353-29ab-422d-bdb5-a14408d848de,310f7ff6-c724-4278-b409-74d1ab8bf019,driver,5
a57e2353-29ab-422d-bdb5-a14408d848de,9f9a60a1-b182-4190-b274-35482830e3d2,shipper,5
a57e2353-29ab-422d-bdb5-a14408d848de,8b1e91b6-790d-4773-851a-de018a249cec,driver,2
a57e2353-29ab-422d-bdb5-a14408d848de,9f9a60a1-b182-4190-b274-35482830e3d2,shipper,5
a57e2353-29ab-422d-bdb5-a14408d848de,af78bf6c-b541-45e3-93dd-9a69ae91a9ae,driver,5
a57e2353-29ab-422d-bdb5-a14408d848de,9f9a60a1-b182-4190-b274-35482830e3d2,shipper,5
a4594012-bbf2-446d-a714-2855dc66fec9,18302a3a-1801-411a-8579-869b4ba4edff,driver,5
a4594012-bbf2-446d-a714-2855dc66fec9,7a1bf95b-8ddc-4f32-ab6e-622e3c3458c8,shipper,4
45fa3a1f-2eaa-4169-8927-2635f81a3ec8,34b71c44-bb25-47df-85ce-03a39fc9ac10,driver,4
45fa3a1f-2eaa-4169-8927-2635f81a3ec8,883c0ce7-ba51-4e8b-a858-01227935d801,shipper,5
45fa3a1f-2eaa-4169-8927-2635f81a3ec8,b41f802e-0393-409e-935b-003cfa28c0bd,driver,5
45fa3a1f-2eaa-4169-8927-2635f81a3ec8,883c0ce7-ba51-4e8b-a858-01227935d801,shipper,5
45fa3a1f-2eaa-4169-8927-2635f81a3ec8,9db88e80-6a44-4430-b307-494694355bcb,driver,5
45fa3a1f-2eaa-4169-8927-2635f81a3ec8,883c0ce7-ba51-4e8b-a858-01227935d801,shipper,5
45fa3a1f-2eaa-4169-8927-2635f81a3ec8,26501679-586c-4236-a890-97e1687dc818,driver,5
45fa3a1f-2eaa-4169-8927-2635f81a3ec8,883c0ce7-ba51-4e8b-a858-01227935d801,shipper,5
e33254cf-95b8-4f60-8230-f59496450927,837cfbee-afbc-4408-b0d4-a3037b7f109f,driver,5
e33254cf-95b8-4f60-8230-f59496450927,06026cca-64bc-4f03-a479-e510ca475f6b,shipper,3
e33254cf-95b8-4f60-8230-f59496450927,0eefecd2-5b8c-4f61-ae34-838b16b53659,driver,5
e33254cf-95b8-4f60-8230-f59496450927,06026cca-64bc-4f03-a479-e510ca475f6b,shipper,4
e33254cf-95b8-4f60-8230-f59496450927,f0496c8a-1f5c-4cdb-b570-7a6925cd94f7,driver,5
e33254cf-95b8-4f60-8230-f59496450927,06026cca-64bc-4f03-a479-e510ca475f6b,shipper,5
e33254cf-95b8-4f60-8230-f59496450927,3fc6f138-6045-4882-8a16-2692f69d4228,driver,5
e33254cf-95b8-4f60-8230-f59496450927,06026cca-64bc-4f03-a479-e510ca475f6b,shipper,5
c31904e6-7d6f-40dc-986e-fa6ef571fadf,0790fa20-df4f-43aa-b491-56eb44a3e0b6,driver,5
c31904e6-7d6f-40dc-986e-fa6ef571fadf,318897c4-75ac-4064-8737-ebb5ded11af9,shipper,5
9ca65e3f-b8c2-495b-90f4-96f85aa6f24c,5a546a9f-4ddf-4c19-9b83-d659726fc137,driver,4
9ca65e3f-b8c2-495b-90f4-96f85aa6f24c,612daa81-ed99-42d7-bdb3-3777f3775b9d,shipper,5
b3c60d41-6c15-47f8-af95-91ec3e81e315,69b345b3-ec55-408a-978c-9b0062c84f4a,driver,2
b3c60d41-6c15-47f8-af95-91ec3e81e315,9d4ddc89-e9dc-40fc-b003-9b8d2c0714ae,shipper,5
b3c60d41-6c15-47f8-af95-91ec3e81e315,a3a4745c-eb66-433a-b40b-557c0883d783,driver,4
b3c60d41-6c15-47f8-af95-91ec3e81e315,9d4ddc89-e9dc-40fc-b003-9b8d2c0714ae,shipper,5
104bb4ba-8b2c-4a23-8710-a2a5108f8d73,5a546a9f-4ddf-4c19-9b83-d659726fc137,driver,3
104bb4ba-8b2c-4a23-8710-a2a5108f8d73,a4d7443f-33e7-4c22-90f9-c5b01ea5324f,shipper,4
520c6a57-4fde-4cfc-a5e6-ffcdbd8077b0,90ef76ca-622f-43be-be2f-27f0a925941a,driver,5
520c6a57-4fde-4cfc-a5e6-ffcdbd8077b0,80b23266-09d7-466f-9343-e8c4255ec804,shipper,5
85e7886d-f5b5-473c-9849-eb82d959cd4a,f9bb1bc7-b852-4cb0-9053-42f9f3eea8bc,driver,3
85e7886d-f5b5-473c-9849-eb82d959cd4a,2c21a0d7-50d9-46c5-9906-6986086a8d58,shipper,5
a5392add-bcab-480a-81c0-c007fbe2957d,fc6966be-098b-43a6-a653-1fa3b599e23e,driver,5
a5392add-bcab-480a-81c0-c007fbe2957d,4d787e29-654e-4913-bda8-528875626fbb,shipper,5
a5392add-bcab-480a-81c0-c007fbe2957d,c787e085-877f-4d78-a2c0-2d7e54816f5c,driver,3
a5392add-bcab-480a-81c0-c007fbe2957d,4d787e29-654e-4913-bda8-528875626fbb,shipper,5
293d3c44-d035-4d2a-9c45-9eb5065fcf1b,66e7f631-029c-4810-92a9-8026854edd3f,driver,5
293d3c44-d035-4d2a-9c45-9eb5065fcf1b,0f2c25f9-3c7d-45dc-b437-c8086114a403,shipper,3
414fe559-3377-4877-aee3-80844f96e4d1,af78bf6c-b541-45e3-93dd-9a69ae91a9ae,driver,5
414fe559-3377-4877-aee3-80844f96e4d1,2c21a0d7-50d9-46c5-9906-6986086a8d58,shipper,5
13e0a47a-4ebc-4703-8ede-0c6c0f2d5070,f0496c8a-1f5c-4cdb-b570-7a6925cd94f7,driver,5
13e0a47a-4ebc-4703-8ede-0c6c0f2d5070,d3589af3-5f4b-4d62-b2e8-04b4b1a55203,shipper,5
2b5b0dae-ee59-4b51-b78a-e270b7f87dcd,7c1ae16d-496a-4d0f-b401-8ae3e76b86ab,driver,5
2b5b0dae-ee59-4b51-b78a-e270b7f87dcd,2930953b-27e4-4692-aa41-b73cd590667f,shipper,2
2b5b0dae-ee59-4b51-b78a-e270b7f87dcd,6478d1df-2c1f-4f3c-aa1e-03fde769c1f7,driver,5
2b5b0dae-ee59-4b51-b78a-e270b7f87dcd,2930953b-27e4-4692-aa41-b73cd590667f,shipper,5
2b5b0dae-ee59-4b51-b78a-e270b7f87dcd,463a85e7-e033-4bec-a267-bfa7aa85640d,driver,5
2b5b0dae-ee59-4b51-b78a-e270b7f87dcd,2930953b-27e4-4692-aa41-b73cd590667f,shipper,5
2b5b0dae-ee59-4b51-b78a-e270b7f87dcd,bda819c9-5bc1-45c0-b673-47f1f8fc1da8,driver,4
2b5b0dae-ee59-4b51-b78a-e270b7f87dcd,2930953b-27e4-4692-aa41-b73cd590667f,shipper,5
9f76f166-82a1-4055-bc98-30e014f8674d,7d45adbe-75c3-4cdd-bd1c-4b311c5baaab,driver,3
9f76f166-82a1-4055-bc98-30e014f8674d,06026cca-64bc-4f03-a479-e510ca475f6b,shipper,5
128d7ddf-ef5b-4409-b236-cc51654adb98,5a546a9f-4ddf-4c19-9b83-d659726fc137,driver,5
128d7ddf-ef5b-4409-b236-cc51654adb98,b926056f-973d-43f1-8e47-87fa4b016be1,shipper,5
128d7ddf-ef5b-4409-b236-cc51654adb98,ade5ec49-869b-47d3-b852-1a9ceedbe841,driver,4
128d7ddf-ef5b-4409-b236-cc51654adb98,b926056f-973d-43f1-8e47-87fa4b016be1,shipper,5
cf6b406f-6313-4e4b-852a-0bb7ade64a0f,d265c88a-1052-4bc1-b426-bc9a3e77f666,driver,5
cf6b406f-6313-4e4b-852a-0bb7ade64a0f,6abb00fb-3d44-4999-a2ab-345b45069e67,shipper,5
b1a09bac-4df6-4598-ad4c-8b844f405a56,0aa62c09-bc7a-4951-9708-4a86275ad8c6,driver,5
b1a09bac-4df6-4598-ad4c-8b844f405a56,8f4a1d99-4a4f-4834-8fbd-62876e085e16,shipper,5
6ce6b935-b6c1-4b95-8c95-c0139be90f99,3fc6f138-6045-4882-8a16-2692f69d4228,driver,3
6ce6b935-b6c1-4b95-8c95-c0139be90f99,dfe38341-ca49-46d7-ad32-5e3eb2212bc0,shipper,4
1b2da662-d0f3-476b-b094-1c651a404c89,7c1ae16d-496a-4d0f-b401-8ae3e76b86ab,driver,5
1b2da662-d0f3-476b-b094-1c651a404c89,e24e0399-77b3-4126-a9a4-9e3346694f8c,shipper,5
1b2da662-d0f3-476b-b094-1c651a404c89,6be0475c-e19c-4d4f-aced-f1b613d87548,driver,5
1b2da662-d0f3-476b-b094-1c651a404c89,e24e0399-77b3-4126-a9a4-9e3346694f8c,shipper,5
52518033-931b-41e3-89d3-d66d7fa00d17,0f7a5a1e-c1b1-4db5-b7bc-22c0b78c5171,driver,4
52518033-931b-41e3-89d3-d66d7fa00d17,b8ac16d5-0d46-436e-ab7b-c4c1334864fa,shipper,5
52518033-931b-41e3-89d3-d66d7fa00d17,bda819c9-5bc1-45c0-b673-47f1f8fc1da8,driver,4
52518033-931b-41e3-89d3-d66d7fa00d17,b8ac16d5-0d46-436e-ab7b-c4c1334864fa,shipper,5
52518033-931b-41e3-89d3-d66d7fa00d17,ca72bc65-aac8-4954-8b12-0a27325a1ce7,driver,5
52518033-931b-41e3-89d3-d66d7fa00d17,b8ac16d5-0d46-436e-ab7b-c4c1334864fa,shipper,5
3d3a9c8a-cc29-4298-8cfa-0279d8e85b67,be09b6f7-4efa-4ac9-b363-71f395b927fa,driver,5
3d3a9c8a-cc29-4298-8cfa-0279d8e85b67,a7645519-9b3e-476f-8d8a-8a010697b4eb,shipper,5
3d3a9c8a-cc29-4298-8cfa-0279d8e85b67,40e70bd2-0f4c-4ed4-8b62-55fce5047760,driver,5
3d3a9c8a-cc29-4298-8cfa-0279d8e85b67,a7645519-9b3e-476f-8d8a-8a010697b4eb,shipper,4
f933b6b9-e0e4-42c2-94ab-98b7fd6a121a,b41f802e-0393-409e-935b-003cfa28c0bd,driver,4
f933b6b9-e0e4-42c2-94ab-98b7fd6a121a,ac88543f-e08e-4905-a612-03108c121e77,shipper,5
f933b6b9-e0e4-42c2-94ab-98b7fd6a121a,1f148489-0bcb-4470-8354-42eed5c4f971,driver,5
f933b6b9-e0e4-42c2-94ab-98b7fd6a121a,ac88543f-e08e-4905-a612-03108c121e77,shipper,5
f933b6b9-e0e4-42c2-94ab-98b7fd6a121a,1f148489-0bcb-4470-8354-42eed5c4f971,driver,5
f933b6b9-e0e4-42c2-94ab-98b7fd6a121a,ac88543f-e08e-4905-a612-03108c121e77,shipper,5
cf045de9-7cb1-4504-b2ff-dfb577996e52,083442ef-2844-4bf4-90c7-0a4c51e16ed0,driver,5
cf045de9-7cb1-4504-b2ff-dfb577996e52,05b05cf5-e1ba-48d6-8db5-323ce0385788,shipper,5
cf045de9-7cb1-4504-b2ff-dfb577996e52,af78bf6c-b541-45e3-93dd-9a69ae91a9ae,driver,5
cf045de9-7cb1-4504-b2ff-dfb577996e52,05b05cf5-e1ba-48d6-8db5-323ce0385788,shipper,5
b28b46e2-487b-4608-8065-eed0e31e703e,9db88e80-6a44-4430-b307-494694355bcb,driver,4
b28b46e2-487b-4608-8065-eed0e31e703e,ccf4eb8e-2b57-4e0d-9079-e0f0ca9c8e4c,shipper,5
b28b46e2-487b-4608-8065-eed0e31e703e,5a546a9f-4ddf-4c19-9b83-d659726fc137,driver,5
b28b46e2-487b-4608-8065-eed0e31e703e,ccf4eb8e-2b57-4e0d-9079-e0f0ca9c8e4c,shipper,5
cfc16c97-c1c1-4e6c-a0e6-30c0a4dd3ec3,a3a4745c-eb66-433a-b40b-557c0883d783,driver,5
cfc16c97-c1c1-4e6c-a0e6-30c0a4dd3ec3,72f524cf-e693-4dce-954f-1f98a4c6df0c,shipper,4
5062dcd1-8737-4dbb-b318-331142c04236,26501679-586c-4236-a890-97e1687dc818,driver,4
5062dcd1-8737-4dbb-b318-331142c04236,80b23266-09d7-466f-9343-e8c4255ec804,shipper,5
6ab90ce1-d6c0-4a97-9bed-73022cf75ced,f0496c8a-1f5c-4cdb-b570-7a6925cd94f7,driver,5
6ab90ce1-d6c0-4a97-9bed-73022cf75ced,ab560d2e-94e2-497d-b2e2-5e0a0ba57fca,shipper,5
6ab90ce1-d6c0-4a97-9bed-73022cf75ced,b41f802e-0393-409e-935b-003cfa28c0bd,driver,5
6ab90ce1-d6c0-4a97-9bed-73022cf75ced,ab560d2e-94e2-497d-b2e2-5e0a0ba57fca,shipper,5
d76c9fe0-205e-4cc5-a7e0-7dc070d9e3db,0b6812d6-5270-4d50-bba5-1cd2f77ebe2e,driver,5
d76c9fe0-205e-4cc5-a7e0-7dc070d9e3db,f8faa4bb-04fd-4ec5-9883-6c1407b37cfa,shipper,5
d76c9fe0-205e-4cc5-a7e0-7dc070d9e3db,894888f1-c248-403f-aca9-cddaac265db4,driver,2
d76c9fe0-205e-4cc5-a7e0-7dc070d9e3db,f8faa4bb-04fd-4ec5-9883-6c1407b37cfa,shipper,5
d76c9fe0-205e-4cc5-a7e0-7dc070d9e3db,4642a367-13ec-46f2-8b42-2a9b0cdc2ab5,driver,5
d76c9fe0-205e-4cc5-a7e0-7dc070d9e3db,f8faa4bb-04fd-4ec5-9883-6c1407b37cfa,shipper,5
41b52b85-3c9b-4109-b48f-6c64e57667ba,0b6812d6-5270-4d50-bba5-1cd2f77ebe2e,driver,5
41b52b85-3c9b-4109-b48f-6c64e57667ba,acf70833-a3ac-4efb-bf9f-004b099d3b76,shipper,5
3b8046ac-f836-4e1d-8266-01fade9be5a8,ca72bc65-aac8-4954-8b12-0a27325a1ce7,driver,4
3b8046ac-f836-4e1d-8266-01fade9be5a8,872648c2-0487-475d-951b-54c735f492bc,shipper,3
3b8046ac-f836-4e1d-8266-01fade9be5a8,1f148489-0bcb-4470-8354-42eed5c4f971,driver,5
3b8046ac-f836-4e1d-8266-01fade9be5a8,872648c2-0487-475d-951b-54c735f492bc,shipper,5
d789ef60-156f-46b8-a445-8128a5d9b9ba,8a6a00d5-73da-4ff5-9558-5f0841ca0cde,driver,5
d789ef60-156f-46b8-a445-8128a5d9b9ba,06026cca-64bc-4f03-a479-e510ca475f6b,shipper,5
9191378a-e629-4a44-aa64-9fb6986f8766,0eefecd2-5b8c-4f61-ae34-838b16b53659,driver,5
9191378a-e629-4a44-aa64-9fb6986f8766,ac88543f-e08e-4905-a612-03108c121e77,shipper,5
9191378a-e629-4a44-aa64-9fb6986f8766,69b345b3-ec55-408a-978c-9b0062c84f4a,driver,5
9191378a-e629-4a44-aa64-9fb6986f8766,ac88543f-e08e-4905-a612-03108c121e77,shipper,5
6bad05ee-bd8c-4d27-8612-4907adb011c2,310f7ff6-c724-4278-b409-74d1ab8bf019,driver,5
6bad05ee-bd8c-4d27-8612-4907adb011c2,2930953b-27e4-4692-aa41-b73cd590667f,shipper,5
6bad05ee-bd8c-4d27-8612-4907adb011c2,b41f802e-0393-409e-935b-003cfa28c0bd,driver,5
6bad05ee-bd8c-4d27-8612-4907adb011c2,2930953b-27e4-4692-aa41-b73cd590667f,shipper,3
5582a6fc-d314-4cb8-843b-b3ec59f885fc,463a85e7-e033-4bec-a267-bfa7aa85640d,driver,5
5582a6fc-d314-4cb8-843b-b3ec59f885fc,47071a20-72e6-4149-8e08-5607dde6f868,shipper,3
5582a6fc-d314-4cb8-843b-b3ec59f885fc,69dc041e-ef44-4acf-ba8b-2d8da688425f,driver,4
5582a6fc-d314-4cb8-843b-b3ec59f885fc,47071a20-72e6-4149-8e08-5607dde6f868,shipper,5
5582a6fc-d314-4cb8-843b-b3ec59f885fc,8462dc55-59d5-47f4-8209-5f47c6bf99ca,driver,4
5582a6fc-d314-4cb8-843b-b3ec59f885fc,47071a20-72e6-4149-8e08-5607dde6f868,shipper,5
5582a6fc-d314-4cb8-843b-b3ec59f885fc,aecd6e72-018b-448f-a8dd-3e84d11fdeea,driver,4
5582a6fc-d314-4cb8-843b-b3ec59f885fc,47071a20-72e6-4149-8e08-5607dde6f868,shipper,4
053210c9-ec35-4da6-a03a-d3a15255da0d,5a546a9f-4ddf-4c19-9b83-d659726fc137,driver,5
053210c9-ec35-4da6-a03a-d3a15255da0d,7ddc8ce4-fd78-4c93-b484-8eb56cd5de67,shipper,5
32f4bef5-4c9d-4c09-a6ef-254e19b393e0,ca72bc65-aac8-4954-8b12-0a27325a1ce7,driver,5
32f4bef5-4c9d-4c09-a6ef-254e19b393e0,8f4a1d99-4a4f-4834-8fbd-62876e085e16,shipper,5
fe1d4241-c32b-4fde-96d7-21d2c54f53ed,0aa62c09-bc7a-4951-9708-4a86275ad8c6,driver,5
fe1d4241-c32b-4fde-96d7-21d2c54f53ed,b5e74178-5094-4f54-a5b6-dee4f5312a44,shipper,5
13b21677-5c6b-4043-a337-79546aecda05,c787e085-877f-4d78-a2c0-2d7e54816f5c,driver,5
13b21677-5c6b-4043-a337-79546aecda05,7a1bf95b-8ddc-4f32-ab6e-622e3c3458c8,shipper,5
fff282c2-d480-40de-93de-6a72e3f26ea6,be09b6f7-4efa-4ac9-b363-71f395b927fa,driver,5
fff282c2-d480-40de-93de-6a72e3f26ea6,525431da-6745-4372-91f8-b6b5e6a5e8a4,shipper,5
1a918a2e-aa37-4990-a365-d453cc6f3025,69dc041e-ef44-4acf-ba8b-2d8da688425f,driver,4
1a918a2e-aa37-4990-a365-d453cc6f3025,5acb3705-b674-4e23-8f37-74dc8aa3e473,shipper,5
70adedd1-db57-4fbc-b9da-454a44d4fb52,0790fa20-df4f-43aa-b491-56eb44a3e0b6,driver,5
70adedd1-db57-4fbc-b9da-454a44d4fb52,45cd0b66-1ef1-48a9-aef0-e3e51f3cee95,shipper,5
70adedd1-db57-4fbc-b9da-454a44d4fb52,01d788c4-9b57-4add-abf0-739f958b4aa3,driver,5
70adedd1-db57-4fbc-b9da-454a44d4fb52,45cd0b66-1ef1-48a9-aef0-e3e51f3cee95,shipper,5
b5bcc53c-f2b8-4044-bb2f-64d2de464a90,c787e085-877f-4d78-a2c0-2d7e54816f5c,driver,5
b5bcc53c-f2b8-4044-bb2f-64d2de464a90,d2dcf6fa-48e9-4efc-ae7e-fd8c6782a43a,shipper,5
b5bcc53c-f2b8-4044-bb2f-64d2de464a90,5a546a9f-4ddf-4c19-9b83-d659726fc137,driver,4
b5bcc53c-f2b8-4044-bb2f-64d2de464a90,d2dcf6fa-48e9-4efc-ae7e-fd8c6782a43a,shipper,4
717e7373-9d18-432e-8df1-521f82642407,0f7a5a1e-c1b1-4db5-b7bc-22c0b78c5171,driver,4
717e7373-9d18-432e-8df1-521f82642407,c4b8b594-8b83-48b6-a596-a272c0c5287a,shipper,5
717e7373-9d18-432e-8df1-521f82642407,01d788c4-9b57-4add-abf0-739f958b4aa3,driver,5
717e7373-9d18-432e-8df1-521f82642407,c4b8b594-8b83-48b6-a596-a272c0c5287a,shipper,4
717e7373-9d18-432e-8df1-521f82642407,be09b6f7-4efa-4ac9-b363-71f395b927fa,driver,5
717e7373-9d18-432e-8df1-521f82642407,c4b8b594-8b83-48b6-a596-a272c0c5287a,shipper,4
57a5accd-2d0f-44a2-bb12-4eaece102dea,463a85e7-e033-4bec-a267-bfa7aa85640d,driver,5
57a5accd-2d0f-44a2-bb12-4eaece102dea,9f27e1b9-013a-4442-89e7-cdad839d9e13,shipper,3
8b3c4114-f333-4b11-ba20-da9f1ab50da0,bda819c9-5bc1-45c0-b673-47f1f8fc1da8,driver,4
8b3c4114-f333-4b11-ba20-da9f1ab50da0,d3589af3-5f4b-4d62-b2e8-04b4b1a55203,shipper,5
