id,name,phone,company_name
a4d7443f-33e7-4c22-90f9-c5b01ea5324f,Shipper_0000,8727694430,Company_0000 Pvt Ltd
b2b0a972-c4f2-4d48-a3d6-f519bdb65e2d,Shipper_0001,8726563708,Company_0001 Pvt Ltd
ea7b654c-22fa-4491-ab89-99c8a8867ddd,Shipper_0002,8335493870,
0d40c9b7-2d30-4bf8-80aa-28c821e3e77e,Shipper_0003,8248532577,Company_0003 Pvt Ltd
e24e0399-77b3-4126-a9a4-9e3346694f8c,Shipper_0004,8197613238,
8d627e20-a47a-4129-a380-eb616c6dd69e,Shipper_0005,8217734861,Company_0005 Pvt Ltd
0dc0c367-01cf-40ab-b90a-05ea11e33f4a,Shipper_0006,8271779360,
6c310b34-f78a-40ad-b220-742a88107c5c,Shipper_0007,8553290810,Company_0007 Pvt Ltd
1b352524-fa65-4d40-adc4-c3b6ec9b1862,Shipper_0008,8513140753,Company_0008 Pvt Ltd
6a8b8421-c9f8-419a-a1c2-db7240cfa2f3,Shipper_0009,8602564736,Company_0009 Pvt Ltd
06d5365a-26eb-48dd-ae1b-7ea110ad54fe,Shipper_0010,8694021782,
78f793c7-edba-4168-bc93-724607d87072,Shipper_0011,8112327652,
72f524cf-e693-4dce-954f-1f98a4c6df0c,Shipper_0012,8222998994,
96e0997f-71e3-49bb-9385-df9a5edbd8ec,Shipper_0013,8676567501,
7c630bbd-af23-4a3d-8f02-0a0c15560199,Shipper_0014,8925276600,
b926056f-973d-43f1-8e47-87fa4b016be1,Shipper_0015,8219778234,Company_0015 Pvt Ltd
6016adfd-42bf-4752-bb28-479c0e7d7172,Shipper_0016,8269820594,Company_0016 Pvt Ltd
fb4625aa-0eb9-42b6-b340-822a44ec61a3,Shipper_0017,8875340444,
b492e2f5-6a42-4f99-be10-1e4f3b586961,Shipper_0018,8382811832,
4db2a639-0d49-42c5-9871-d24eb6513fde,Shipper_0019,8918150683,Company_0019 Pvt Ltd
92e19202-5496-4c1a-888a-7756e046137d,Shipper_0020,8214257751,
4d787e29-654e-4913-bda8-528875626fbb,Shipper_0021,8420452650,
d3589af3-5f4b-4d62-b2e8-04b4b1a55203,Shipper_0022,8645098869,
596ee952-073c-4138-bdd7-914b7f27f542,Shipper_0023,8264109919,Company_0023 Pvt Ltd
9ecf3184-be14-4e87-8eb0-7cf6075b8801,Shipper_0024,8273461957,Company_0024 Pvt Ltd
d2dcf6fa-48e9-4efc-ae7e-fd8c6782a43a,Shipper_0025,8936043811,
dd1f7c85-51f1-402e-b9f6-ab2f6e4865ba,Shipper_0026,8100614068,Company_0026 Pvt Ltd
6abb00fb-3d44-4999-a2ab-345b45069e67,Shipper_0027,8624636385,Company_0027 Pvt Ltd
b70babee-6437-4c10-867e-70855a5d76bc,Shipper_0028,8489747629,
1956f7ec-2569-4307-a474-e70bced9eb8e,Shipper_0029,8992994062,
91cddf7c-e0ea-471b-b136-c52c439d54f5,Shipper_0030,8357109965,Company_0030 Pvt Ltd
6c14b7e7-5e07-45a2-a925-57fb86898632,Shipper_0031,8709194872,
b5e74178-5094-4f54-a5b6-dee4f5312a44,Shipper_0032,8191969690,
2930953b-27e4-4692-aa41-b73cd590667f,Shipper_0033,8976198296,Company_0033 Pvt Ltd
f680cc7d-ebea-402d-b3d3-5ee249dc0e8b,Shipper_0034,8916690353,Company_0034 Pvt Ltd
3a9c9ffc-5812-45ae-9d2d-64da1936b8ca,Shipper_0035,8235034324,Company_0035 Pvt Ltd
04582f7f-ed21-4cdd-bcd8-78f4cf0352e5,Shipper_0036,8610330567,
612daa81-ed99-42d7-bdb3-3777f3775b9d,Shipper_0037,8277303722,Company_0037 Pvt Ltd
47071a20-72e6-4149-8e08-5607dde6f868,Shipper_0038,8751325257,Company_0038 Pvt Ltd
ccf4eb8e-2b57-4e0d-9079-e0f0ca9c8e4c,Shipper_0039,8327416584,
9e263c2e-2cf7-44cd-81e5-75a0252945a1,Shipper_0040,8910959828,
7ddc8ce4-fd78-4c93-b484-8eb56cd5de67,Shipper_0041,8315984311,
1563736b-1319-42b1-8123-7f1bfe2a55f0,Shipper_0042,8528414718,
bfdb26b1-0506-4a6c-9fb9-f9174984b376,Shipper_0043,8797801251,Company_0043 Pvt Ltd
baccb78e-8577-42c0-9458-b3f342b37fd2,Shipper_0044,8655742829,Company_0044 Pvt Ltd
9f765660-3e4b-44b2-a43b-ccfbb5e8f159,Shipper_0045,8366186631,Company_0045 Pvt Ltd
7903a62d-e2f1-48b8-bc62-790ba1775f27,Shipper_0046,8463016614,Company_0046 Pvt Ltd
05885768-2aa6-4c4f-b24e-35ad49b8b86a,Shipper_0047,8694768704,Company_0047 Pvt Ltd
2c21a0d7-50d9-46c5-9906-6986086a8d58,Shipper_0048,8336456621,Company_0048 Pvt Ltd
21faef45-ee46-4f38-a134-444f1c0f4acc,Shipper_0049,8860038427,
1a7be64c-4c01-4e5d-a01b-142e806098af,Shipper_0050,8345824373,Company_0050 Pvt Ltd
dfe38341-ca49-46d7-ad32-5e3eb2212bc0,Shipper_0051,8133729406,
23ff3535-f326-471b-8246-3309aa10303f,Shipper_0052,8176082500,Company_0052 Pvt Ltd
aab3a558-9806-493f-ad2b-0a3ddee1860c,Shipper_0053,8399012686,
5681273d-0fdc-42b7-ad06-0e45b45e3b3a,Shipper_0054,8330035022,Company_0054 Pvt Ltd
05b05cf5-e1ba-48d6-8db5-323ce0385788,Shipper_0055,8876693898,
1194059e-ad07-4b75-b221-99930a47c946,Shipper_0056,8713152854,Company_0056 Pvt Ltd
0c5b9a76-0df0-4cfe-a517-44dacd1d83a5,Shipper_0057,8360916298,
7df0e7bd-66eb-4857-822c-477a50884ecd,Shipper_0058,8967043303,Company_0058 Pvt Ltd
06026cca-64bc-4f03-a479-e510ca475f6b,Shipper_0059,8201281557,Company_0059 Pvt Ltd
91fa918e-a71b-4356-ab90-ca6688c171b5,Shipper_0060,8562837684,Company_0060 Pvt Ltd
3db8a97c-f512-4e3d-9289-895eac690ca6,Shipper_0061,8541417711,Company_0061 Pvt Ltd
c722a9a6-9f4d-465a-8fc9-be9b8c2950cf,Shipper_0062,8882839238,Company_0062 Pvt Ltd
5acb3705-b674-4e23-8f37-74dc8aa3e473,Shipper_0063,8801642483,
51efcc79-33f3-4355-a328-afb72c842614,Shipper_0064,8205675387,Company_0064 Pvt Ltd
e169fa46-6e01-440e-ab14-ed43e429e760,Shipper_0065,8881913386,Company_0065 Pvt Ltd
872648c2-0487-475d-951b-54c735f492bc,Shipper_0066,8217326729,Company_0066 Pvt Ltd
4752ae33-8c47-40e1-be3b-c97c51f20f83,Shipper_0067,8304235259,Company_0067 Pvt Ltd
095ad917-ac53-451c-97d2-405f4aca498f,Shipper_0068,8250519597,Company_0068 Pvt Ltd
881505ce-4740-4a35-b1a4-ba3be44fe7bf,Shipper_0069,8399085574,Company_0069 Pvt Ltd
c115ef9a-c3d3-4ecc-8811-204f2f9cc20b,Shipper_0070,8180943908,Company_0070 Pvt Ltd
a5b01f1f-fe62-44b1-9d1e-aa7c374867fc,Shipper_0071,8690907304,Company_0071 Pvt Ltd
525431da-6745-4372-91f8-b6b5e6a5e8a4,Shipper_0072,8800235246,
acf70833-a3ac-4efb-bf9f-004b099d3b76,Shipper_0073,8997677788,Company_0073 Pvt Ltd
318897c4-75ac-4064-8737-ebb5ded11af9,Shipper_0074,8200140141,
05bca4d0-e57e-4319-9aad-09bd603ef17a,Shipper_0075,8353810544,Company_0075 Pvt Ltd
f8faa4bb-04fd-4ec5-9883-6c1407b37cfa,Shipper_0076,8621453189,Company_0076 Pvt Ltd
45cd0b66-1ef1-48a9-aef0-e3e51f3cee95,Shipper_0077,8530613729,
8f4a1d99-4a4f-4834-8fbd-62876e085e16,Shipper_0078,8276777762,Company_0078 Pvt Ltd
fba70d70-f9de-456a-be6c-5343ba8cb49d,Shipper_0079,8519212169,Company_0079 Pvt Ltd
9a5561af-bb9a-476d-8879-d63051ff2392,Shipper_0080,8941889393,
56668049-7c88-4471-a3f5-93584b6849c1,Shipper_0081,8406284028,Company_0081 Pvt Ltd
7a1bf95b-8ddc-4f32-ab6e-622e3c3458c8,Shipper_0082,8884374109,
b7a6360c-db10-4b79-8d2e-c1e8ed83ba8d,Shipper_0083,8696751693,
3739c72a-20b4-44d4-b7a8-f273b36cc3b6,Shipper_0084,8622559454,Company_0084 Pvt Ltd
80b23266-09d7-466f-9343-e8c4255ec804,Shipper_0085,8418587604,Company_0085 Pvt Ltd
8954a194-e046-4e2c-a608-b07aa40c26bd,Shipper_0086,8162795957,Company_0086 Pvt Ltd
9d4ddc89-e9dc-40fc-b003-9b8d2c0714ae,Shipper_0087,8682177668,Company_0087 Pvt Ltd
3a383b31-c880-407c-a179-71f2a88107fc,Shipper_0088,8436730606,Company_0088 Pvt Ltd
02d4af4d-e57b-4f53-8059-c97db89848cb,Shipper_0089,8727255918,Company_0089 Pvt Ltd
450d1efc-cc10-437c-8ac1-b30b94752d4f,Shipper_0090,8670292350,Company_0090 Pvt Ltd
ec1e4398-36b8-450f-b963-19359949e34c,Shipper_0091,8645276696,Company_0091 Pvt Ltd
ac88543f-e08e-4905-a612-03108c121e77,Shipper_0092,8299528037,Company_0092 Pvt Ltd
2b486a78-d8e7-4e32-8e0d-83d29071cef6,Shipper_0093,8172972420,
c8bbf470-efb2-40c7-be1b-1e6a320fe008,Shipper_0094,8352548261,Company_0094 Pvt Ltd
ec2301cf-8e61-43f1-9d8f-09eaefc5ea1e,Shipper_0095,8711684318,Company_0095 Pvt Ltd
ab560d2e-94e2-497d-b2e2-5e0a0ba57fca,Shipper_0096,8738360085,Company_0096 Pvt Ltd
c4b8b594-8b83-48b6-a596-a272c0c5287a,Shipper_0097,8188029013,Company_0097 Pvt Ltd
8bc68c2d-5e9f-427f-a3a6-27f8c0588634,Shipper_0098,8726713347,Company_0098 Pvt Ltd
a42fbc97-be1c-48df-ae6c-fc57046f0193,Shipper_0099,8439699535,
7daa9abd-006b-4c1c-b3bd-c50b8b8f6972,Shipper_0100,8319321646,
b8ac16d5-0d46-436e-ab7b-c4c1334864fa,Shipper_0101,8437352358,Company_0101 Pvt Ltd
150c2645-5219-4c92-a75b-a2461bc4ccef,Shipper_0102,8524971817,Company_0102 Pvt Ltd
5967d7e4-0f0e-419c-b3ff-4fdf398db1ce,Shipper_0103,8793101194,Company_0103 Pvt Ltd
6c7bbdff-9d14-4785-8839-60ad5a9ef6e3,Shipper_0104,8439492674,
579cb585-d846-49eb-bef7-e51402810c4e,Shipper_0105,8177892576,Company_0105 Pvt Ltd
d0236f2e-c357-47b0-a24a-dc8f2daf3028,Shipper_0106,8766964667,
76f544ba-8998-4824-b4d5-56daa98c200a,Shipper_0107,8207354053,Company_0107 Pvt Ltd
a7645519-9b3e-476f-8d8a-8a010697b4eb,Shipper_0108,8328872698,Company_0108 Pvt Ltd
9f27e1b9-013a-4442-89e7-cdad839d9e13,Shipper_0109,8242224154,
883c0ce7-ba51-4e8b-a858-01227935d801,Shipper_0110,8173864104,
21a85831-6b05-4f5d-b960-d39fef2b4090,Shipper_0111,8496776692,Company_0111 Pvt Ltd
6b14af5e-c2ea-473a-8be5-ec8a0c5317d6,Shipper_0112,8570497096,
1df22eb2-3e77-4d5f-a4d8-61939e8ab175,Shipper_0113,8855420240,Company_0113 Pvt Ltd
e5258953-268d-4e11-b71a-c19edda49cd2,Shipper_0114,8966616964,
544105af-97ea-4526-94ec-724000ecf88c,Shipper_0115,8108399996,
9f9a60a1-b182-4190-b274-35482830e3d2,Shipper_0116,8695499669,Company_0116 Pvt Ltd
ed3c6913-661a-400f-87c9-22d1a8634477,Shipper_0117,8812308209,Company_0117 Pvt Ltd
0f2c25f9-3c7d-45dc-b437-c8086114a403,Shipper_0118,8244193987,Company_0118 Pvt Ltd
237759a4-ad01-4dd7-b41f-44c926dac557,Shipper_0119,8214929002,
