id,shipper_id,vehicle_type_id,goods_type_id,weight_kg,is_hazardous,mode,status,pickup_city,drop_city,distance_km,allow_consolidation,fare_estimated,advance_payment_pct,scheduled_at
efd25c25-454d-46ca-9e9a-3833619795d6,a7645519-9b3e-476f-8d8a-8a010697b4eb,7,12,6192.7,False,single,delivered,Agra,Kanpur,244.4,False,11363.02,90,2026-09-05T02:51:20.263207
c639fbff-9171-4716-895b-f75c9629f2a1,76f544ba-8998-4824-b4d5-56daa98c200a,6,6,2886.6,False,relay,cancelled,Agra,Hyderabad,1340.2,False,51877.19,90,2026-09-04T01:51:20.265064
8001df3a-08b6-4fa5-9823-43a4b730ad42,ea7b654c-22fa-4491-ab89-99c8a8867ddd,5,9,3041.2,False,single,delivered,Mumbai,Pune,120.2,False,4935.18,90,2026-09-08T08:51:20.269808
45020081-e260-4c9e-9c5f-a5ae2c119b0b,0dc0c367-01cf-40ab-b90a-05ea11e33f4a,6,18,2884.1,False,single,delivered,Delhi,Agra,178.1,False,7716.3,90,2026-09-07T03:51:20.271142
3119c52e-a0a1-4794-b01f-99dd5b3ddbed,b492e2f5-6a42-4f99-be10-1e4f3b586961,12,10,7552.3,False,relay,in_progress,Indore,Hyderabad,799.3,False,54952.82,80,2026-09-05T14:51:20.272549
3ef2bd11-186b-4af5-9f61-40fe93be1782,2b486a78-d8e7-4e32-8e0d-83d29071cef6,9,14,5959.3,False,single,delivered,Hyderabad,Pune,505.8,False,30016.48,80,2026-09-08T09:51:20.275477
b02f4683-a8aa-46d0-b13d-12d0981a4cf2,acf70833-a3ac-4efb-bf9f-004b099d3b76,10,11,4506.3,False,single,delivered,Kolkata,Nagpur,970.1,False,62948.24,90,2026-09-06T05:51:20.277475
676b4666-d6da-456a-9b7d-60b8eda8d5a7,c115ef9a-c3d3-4ecc-8811-204f2f9cc20b,8,13,4082.6,False,relay,in_progress,Hyderabad,Mumbai,625.9,False,30091.7,90,2026-09-03T16:51:20.279769
61236dd4-e2f1-45de-9846-9a98eab2aecc,51efcc79-33f3-4355-a328-afb72c842614,9,22,6355.4,False,single,delivered,Hyderabad,Nagpur,422.9,True,25460.55,90,2026-09-08T20:51:20.282683
1b761564-ee92-489f-8f61-9ba7655bb5e9,ec1e4398-36b8-450f-b963-19359949e34c,12,11,11153.0,False,single,delivered,Delhi,Jaipur,235.3,False,18293.87,80,2026-09-03T16:51:20.285602
2fcfe58b-49ae-4050-8e1c-4e5cb93e44b2,bfdb26b1-0506-4a6c-9fb9-f9174984b376,12,8,12652.8,False,relay,delivered,Delhi,Hyderabad,1518.2,False,101686.24,80,2026-09-04T18:51:20.287249
f10ce9bb-1830-4cee-bc2b-ac97e3c9154e,76f544ba-8998-4824-b4d5-56daa98c200a,11,17,6996.2,False,relay,delivered,Hyderabad,Mumbai,625.9,False,38702.57,80,2026-09-07T17:51:20.292965
a1dbeb6f-c68e-4f98-83f4-f1919e111e8a,3a383b31-c880-407c-a179-71f2a88107fc,11,13,6739.2,False,relay,delivered,Surat,Delhi,983.5,True,59440.39,90,2026-09-05T11:51:20.295359
2754b607-62ff-4ff3-9104-dbfe505cd22b,04582f7f-ed21-4cdd-bcd8-78f4cf0352e5,6,21,3846.5,False,relay,delivered,Agra,Bangalore,1840.2,True,70876.94,90,2026-09-08T02:51:20.298873
a6b23575-52eb-4a6f-bafb-25a1798c1e8e,6c310b34-f78a-40ad-b220-742a88107c5c,5,15,4287.9,False,relay,delivered,Hyderabad,Delhi,1518.2,True,52470.5,90,2026-09-07T05:51:20.304019
3e06902c-652c-415e-93f3-31c0f7c5b45d,06d5365a-26eb-48dd-ae1b-7ea110ad54fe,6,12,2266.8,False,single,delivered,Kanpur,Agra,244.4,False,10235.59,90,2026-09-05T14:51:20.309138
7ba4808c-2c2a-4d45-8b20-3d65afd7e3ae,1194059e-ad07-4b75-b221-99930a47c946,4,11,3158.2,False,single,delivered,Mumbai,Pune,120.2,False,4304.57,90,2026-09-03T15:51:20.310567
b199014e-c8c0-41f3-9bb6-e99da881c365,b7a6360c-db10-4b79-8d2e-c1e8ed83ba8d,6,8,3377.3,False,single,delivered,Lucknow,Agra,319.7,False,13097.97,90,2026-09-08T15:51:20.311649
49fc4b6e-ff31-4d4e-a9a8-f633d9b3f2fd,0d40c9b7-2d30-4bf8-80aa-28c821e3e77e,8,13,3960.2,False,single,cancelled,Mumbai,Pune,120.2,True,6827.01,80,2026-09-08T21:51:20.313020
f3804879-7198-4371-adfc-0b68958734fd,dfe38341-ca49-46d7-ad32-5e3eb2212bc0,11,7,6153.8,False,single,delivered,Nagpur,Hyderabad,422.9,True,26929.31,80,2026-09-03T16:51:20.314358
62704371-123b-4455-a471-0cb9e1bc4b1a,9e263c2e-2cf7-44cd-81e5-75a0252945a1,12,7,12473.0,False,single,delivered,Agra,Indore,540.9,True,38159.48,90,2026-09-05T05:51:20.316292
900c772b-766b-42ef-b0c8-129c1ccf10d7,76f544ba-8998-4824-b4d5-56daa98c200a,12,12,11853.4,False,single,delivered,Nagpur,Kolkata,970.1,False,66058.63,90,2026-09-06T23:51:20.318584
60174973-cba4-495e-810f-79e378dfb3fe,ac88543f-e08e-4905-a612-03108c121e77,9,1,15122.9,False,single,delivered,Kanpur,Lucknow,75.3,False,6342.92,90,2026-09-03T21:51:20.322324
248ec5ba-37b2-462b-af45-39005d0461e6,7a1bf95b-8ddc-4f32-ab6e-622e3c3458c8,13,11,17285.8,False,single,in_progress,Nagpur,Mumbai,688.0,False,53137.42,90,2026-09-08T05:51:20.324232
886d0ab5-4a9b-4950-a585-d8d68e0be93c,8954a194-e046-4e2c-a608-b07aa40c26bd,11,17,6820.2,False,relay,in_progress,Delhi,Indore,719.0,False,44100.59,90,2026-09-02T22:51:20.326875
87eb2522-e4f9-4f44-8c1b-b461a09ffc74,e5258953-268d-4e11-b71a-c19edda49cd2,12,17,5905.6,False,single,delivered,Agra,Indore,540.9,False,38159.48,80,2026-09-03T13:51:20.329862
09f39325-934b-471f-b59e-2bd4273c59b0,a42fbc97-be1c-48df-ae6c-fc57046f0193,6,5,2190.9,False,relay,delivered,Kanpur,Delhi,422.4,False,17001.89,80,2026-09-07T08:51:20.331793
3f1b6d61-91c8-4c09-b64b-174151917066,96e0997f-71e3-49bb-9385-df9a5edbd8ec,7,12,4667.3,False,single,in_progress,Kolkata,Nagpur,970.1,False,41845.58,80,2026-09-03T23:51:20.333827
73f667d6-dfba-4207-8471-1471e0fa3f2d,3739c72a-20b4-44d4-b7a8-f273b36cc3b6,10,9,6938.9,False,single,delivered,Pune,Hyderabad,505.8,False,34156.76,80,2026-09-05T05:51:20.336609
abcc1269-7d22-4322-9c5e-ad8c3e27f61a,d2dcf6fa-48e9-4efc-ae7e-fd8c6782a43a,3,1,1581.1,False,single,delivered,Nagpur,Mumbai,688.0,False,16962.47,80,2026-09-03T02:51:20.339733
5186df5f-6ed8-4587-a5e8-730e82c8e9ed,9ecf3184-be14-4e87-8eb0-7cf6075b8801,9,12,4645.9,False,single,delivered,Pune,Hyderabad,505.8,False,30016.48,80,2026-09-08T17:51:20.341717
89cc8959-51d0-45b5-ac54-8ff1227f2b4c,bfdb26b1-0506-4a6c-9fb9-f9174984b376,10,16,10599.8,False,relay,delivered,Chandigarh,Delhi,375.8,False,26101.74,80,2026-09-06T20:51:20.343575
56d7b728-fe0a-464b-bce4-7af2983d5b6d,b70babee-6437-4c10-867e-70855a5d76bc,3,20,1637.1,False,relay,delivered,Hyderabad,Agra,1340.2,False,32614.54,80,2026-09-08T19:51:20.346059
88d0d480-b78b-45a8-9812-f7d8d8a471b7,acf70833-a3ac-4efb-bf9f-004b099d3b76,9,19,9405.0,False,relay,delivered,Mumbai,Hyderabad,625.9,False,36624.85,80,2026-09-07T19:51:20.349514
9cdb30cb-3e2a-4721-992d-b7fec2ebad6f,c722a9a6-9f4d-465a-8fc9-be9b8c2950cf,12,23,9514.6,False,single,delivered,Indore,Agra,540.9,False,38159.48,80,2026-09-03T02:51:20.366243
afee2a8a-2d5d-4868-8ea3-71efe17b508d,06026cca-64bc-4f03-a479-e510ca475f6b,11,10,4531.8,False,relay,delivered,Mumbai,Hyderabad,625.9,False,38702.57,90,2026-09-06T01:51:20.367913
6adb0396-5766-41ab-b773-7ed29da4883b,9f27e1b9-013a-4442-89e7-cdad839d9e13,5,10,3245.3,False,single,delivered,Jaipur,Ahmedabad,540.5,False,19225.91,90,2026-09-07T21:51:20.370336
73e8644d-5dea-4c72-a4c9-9bccc400ac1d,06026cca-64bc-4f03-a479-e510ca475f6b,2,6,830.5,False,relay,in_progress,Delhi,Kanpur,422.4,False,8798.36,80,2026-09-03T10:51:20.372735
0e9acd40-cede-4143-b669-d922755831ed,3a9c9ffc-5812-45ae-9d2d-64da1936b8ca,9,16,6386.8,True,single,delivered,Lucknow,Agra,319.7,False,19782.59,90,2026-09-07T16:51:20.374721
07b6caa5-d8ad-4a11-a54f-d2bc275d99fa,8954a194-e046-4e2c-a608-b07aa40c26bd,7,10,5724.1,False,relay,delivered,Delhi,Lucknow,497.7,False,22005.25,80,2026-09-07T00:51:20.376187
491866c3-c25d-4872-9992-cb33d77a82cb,4752ae33-8c47-40e1-be3b-c97c51f20f83,12,18,3127.3,False,relay,delivered,Chandigarh,Jaipur,611.1,False,42723.11,80,2026-09-06T09:51:20.379132
7910ed7a-8a5f-4399-a824-c68da863bda0,c4b8b594-8b83-48b6-a596-a272c0c5287a,9,16,3648.1,False,relay,delivered,Delhi,Ahmedabad,775.8,False,44866.7,80,2026-09-08T07:51:20.382134
b30c9bc2-273b-4744-84bb-d4b02fd46fc1,8d627e20-a47a-4129-a380-eb616c6dd69e,8,13,8449.6,False,single,delivered,Agra,Kanpur,244.4,True,12540.45,80,2026-09-07T01:51:20.385391
0b6b10f0-9b87-4ea4-b560-39b3ac235074,b926056f-973d-43f1-8e47-87fa4b016be1,7,11,2434.0,False,single,delivered,Ahmedabad,Surat,207.7,False,9823.26,90,2026-09-06T18:51:20.387044
a63d1002-b7a1-4d5a-b39b-469de5fe3b21,56668049-7c88-4471-a3f5-93584b6849c1,1,21,600.4,False,relay,in_progress,Mumbai,Kolkata,1658.2,False,30146.75,90,2026-09-07T00:51:20.388417
0cbfdfaf-6e02-487c-9b32-c164fd6fb0c5,6b14af5e-c2ea-473a-8be5-ec8a0c5317d6,7,17,4518.4,False,single,delivered,Kolkata,Nagpur,970.1,False,41845.58,90,2026-09-07T07:51:20.393622
0b9afde7-67a5-4d22-a4f3-871b35f2eeb3,883c0ce7-ba51-4e8b-a858-01227935d801,7,5,5289.0,False,single,delivered,Lucknow,Kanpur,75.3,False,4263.69,80,2026-09-05T22:51:20.396113
8b7c7b2c-93f8-45a5-a11f-ce138aacc895,05bca4d0-e57e-4319-9aad-09bd603ef17a,12,14,13302.3,False,single,delivered,Mumbai,Pune,120.2,True,10809.9,80,2026-09-04T00:51:20.397274
1dd5e4bb-f793-4e64-bf68-8290aaa739fd,095ad917-ac53-451c-97d2-405f4aca498f,12,13,6117.8,False,relay,delivered,Hyderabad,Mumbai,625.9,False,43683.92,80,2026-09-03T19:51:20.398687
a531b1f8-65d8-4242-8bcc-51afc6638077,76f544ba-8998-4824-b4d5-56daa98c200a,9,1,15506.5,False,single,delivered,Hyderabad,Pune,505.8,False,30016.48,80,2026-09-07T20:51:20.401545
124b6a2b-9f20-4d2a-8030-9686b8e6fa11,c8bbf470-efb2-40c7-be1b-1e6a320fe008,4,1,884.3,False,single,in_progress,Delhi,Agra,178.1,False,6041.82,90,2026-09-05T00:51:20.404017
0afdca80-6bdc-4e66-acb9-864302130cb4,dd1f7c85-51f1-402e-b9f6-ab2f6e4865ba,6,9,5517.2,False,relay,delivered,Hyderabad,Agra,1340.2,False,51877.19,90,2026-09-06T17:51:20.405498
5dedb6d9-f352-440c-bf57-25bec18c0902,544105af-97ea-4526-94ec-724000ecf88c,8,18,2079.5,False,relay,cancelled,Kolkata,Mumbai,1658.2,False,77575.02,80,2026-09-05T17:51:20.409143
3e2e69e5-a385-4bf7-af8d-8fc95f29812a,ab560d2e-94e2-497d-b2e2-5e0a0ba57fca,5,7,5527.1,False,single,delivered,Kanpur,Lucknow,75.3,False,3411.08,90,2026-09-04T22:51:20.412875
300822cf-caf1-4c7d-9cda-5331dcc7fa0f,78f793c7-edba-4168-bc93-724607d87072,8,23,5673.2,False,relay,delivered,Kanpur,Delhi,422.4,False,20731.24,90,2026-09-05T03:51:20.413898
70271649-a61b-448b-a9b3-1c7503bd7913,21faef45-ee46-4f38-a134-444f1c0f4acc,7,14,5278.0,False,relay,in_progress,Hyderabad,Mumbai,625.9,True,27388.07,90,2026-09-07T00:51:20.416123
a2367d4a-c2ca-4d2b-8d85-e693b07258d6,8954a194-e046-4e2c-a608-b07aa40c26bd,3,14,950.2,False,single,in_progress,Hyderabad,Bangalore,500.0,False,12449.84,90,2026-09-07T05:51:20.418410
404d8f70-8c25-4a22-b95a-69c93a60dd4f,56668049-7c88-4471-a3f5-93584b6849c1,6,13,4248.1,False,single,delivered,Nagpur,Kolkata,970.1,False,37815.05,80,2026-09-08T10:51:20.420191
6b57eef4-9b09-4e10-a06b-2d3aa6b3854f,4752ae33-8c47-40e1-be3b-c97c51f20f83,5,17,3116.1,False,relay,delivered,Lucknow,Delhi,497.7,False,17773.3,80,2026-09-05T02:51:20.422970
7a97cd28-c463-4dfc-95c1-ed0136133973,d0236f2e-c357-47b0-a24a-dc8f2daf3028,9,1,11750.6,False,single,in_progress,Pune,Hyderabad,505.8,False,30016.48,90,2026-09-06T13:51:20.425496
6e0dae3e-9ce4-4c1c-9907-f39f6b605db8,0d40c9b7-2d30-4bf8-80aa-28c821e3e77e,1,19,564.9,False,single,delivered,Mumbai,Pune,120.2,True,2462.74,80,2026-09-08T02:51:20.426939
a08fb471-7194-4146-9882-dff9f6caf169,0c5b9a76-0df0-4cfe-a517-44dacd1d83a5,9,1,14768.5,False,single,delivered,Kanpur,Lucknow,75.3,False,6342.92,80,2026-09-07T09:51:20.428055
b052faec-bd8e-4e7a-b92b-48d7193a9b87,8d627e20-a47a-4129-a380-eb616c6dd69e,2,6,712.9,False,single,delivered,Pune,Hyderabad,505.8,False,10465.08,80,2026-09-05T13:51:20.429013
c64b260b-c732-4895-bb93-6987f333f078,237759a4-ad01-4dd7-b41f-44c926dac557,8,10,8925.0,False,single,delivered,Agra,Kanpur,244.4,False,12540.45,90,2026-09-04T20:51:20.431324
8aaf727a-cf34-4a6d-bafe-40ed5c9628f8,c722a9a6-9f4d-465a-8fc9-be9b8c2950cf,10,3,7231.0,False,relay,delivered,Indore,Delhi,719.0,False,47376.49,90,2026-09-08T10:51:20.432617
eae78d03-a81d-4473-895d-7954c5dd68b5,8bc68c2d-5e9f-427f-a3a6-27f8c0588634,8,11,3411.6,False,single,delivered,Kanpur,Lucknow,75.3,False,4764.99,90,2026-09-05T23:51:20.435195
a6696f47-89a2-4dcd-9ce4-7949378fb65f,1b352524-fa65-4d40-adc4-c3b6ec9b1862,6,9,2145.4,False,relay,delivered,Indore,Bangalore,1299.3,True,50322.16,80,2026-09-08T13:51:20.436244
8a81e296-3f7e-49d1-b984-aac0663545e7,579cb585-d846-49eb-bef7-e51402810c4e,8,8,6491.8,False,single,delivered,Lucknow,Agra,319.7,False,16005.44,80,2026-09-07T09:51:20.439941
72b61a2a-9b76-45c5-a80f-866da32c75b4,ea7b654c-22fa-4491-ab89-99c8a8867ddd,7,20,2574.4,False,relay,cancelled,Hyderabad,Agra,1340.2,False,57387.95,90,2026-09-02T23:51:20.442141
b601e726-b663-4c12-8fc0-e59ae6842dbc,9f9a60a1-b182-4190-b274-35482830e3d2,6,1,3194.7,False,single,delivered,Pune,Mumbai,120.2,True,5515.79,90,2026-09-07T03:51:20.447020
24181fd0-bf9f-4f99-8a71-e33149146444,9d4ddc89-e9dc-40fc-b003-9b8d2c0714ae,9,20,13945.7,False,single,cancelled,Nagpur,Mumbai,688.0,False,40041.09,80,2026-09-08T21:51:20.448203
bd935b53-8375-48f9-858b-ee9a57789dd1,ac88543f-e08e-4905-a612-03108c121e77,4,17,3933.3,False,relay,delivered,Kolkata,Mumbai,1658.2,False,50444.58,80,2026-09-06T19:51:20.450147
6dd57424-229d-48d1-868b-14d8be427aca,9f765660-3e4b-44b2-a43b-ccfbb5e8f159,6,21,5051.5,False,single,delivered,Lucknow,Agra,319.7,False,13097.97,90,2026-09-03T07:51:20.453579
002ba15f-828d-452e-b18b-9fe547f84b88,8f4a1d99-4a4f-4834-8fbd-62876e085e16,10,17,14634.1,False,single,cancelled,Nagpur,Kolkata,970.1,False,62948.24,80,2026-09-08T01:51:20.454967
e1a8536f-e214-46e4-81b5-0d9b9164c169,2c21a0d7-50d9-46c5-9906-6986086a8d58,9,15,3668.7,False,single,cancelled,Agra,Delhi,178.1,False,11993.33,90,2026-09-03T00:51:20.457481
1dc147ea-f233-4057-a260-96e29718e139,76f544ba-8998-4824-b4d5-56daa98c200a,7,17,2955.4,False,relay,delivered,Mumbai,Hyderabad,625.9,True,27388.07,80,2026-09-04T13:51:20.458713
87a8986b-7751-4e20-8657-7d281c35ee3b,acf70833-a3ac-4efb-bf9f-004b099d3b76,7,16,4019.8,False,single,delivered,Mumbai,Pune,120.2,False,6146.4,80,2026-09-08T13:51:20.465227
aeee27a7-7b31-471e-adf2-e38f26f0030e,e5258953-268d-4e11-b71a-c19edda49cd2,4,3,1740.3,False,relay,delivered,Indore,Hyderabad,799.3,False,24678.23,90,2026-09-03T03:51:20.466373
fe34bcdb-89f9-4dda-a798-69b7d575b175,450d1efc-cc10-437c-8ac1-b30b94752d4f,11,7,6051.4,False,single,delivered,Mumbai,Nagpur,688.0,False,42305.15,90,2026-09-04T11:51:20.469038
5796acbe-45b6-4255-a8c5-a834645377e7,9ecf3184-be14-4e87-8eb0-7cf6075b8801,3,1,1568.5,False,relay,delivered,Mumbai,Hyderabad,625.9,False,15471.75,90,2026-09-05T18:51:20.471060
df046394-46e1-4fae-baa2-1513ba14ac8c,d0236f2e-c357-47b0-a24a-dc8f2daf3028,10,1,11361.0,False,single,delivered,Pune,Mumbai,120.2,True,10249.44,90,2026-09-06T07:51:20.473298
9085c53d-2c71-47ce-8ab4-aa3d673929ab,9f765660-3e4b-44b2-a43b-ccfbb5e8f159,8,22,7627.6,False,single,delivered,Kanpur,Lucknow,75.3,True,4764.99,90,2026-09-07T11:51:20.474549
8bf113da-a9cd-4e3c-9f11-c0909d637a9e,596ee952-073c-4138-bdd7-914b7f27f542,1,13,451.2,False,single,cancelled,Bangalore,Hyderabad,500.0,False,9299.88,80,2026-09-06T03:51:20.475495
ce928a39-0fa1-4519-a5dd-bfc2e52aac91,b70babee-6437-4c10-867e-70855a5d76bc,9,10,10593.4,False,single,cancelled,Nagpur,Mumbai,688.0,False,40041.09,80,2026-09-08T05:51:20.477128
8e19ea10-c324-422d-bbf2-50be4287503a,1df22eb2-3e77-4d5f-a4d8-61939e8ab175,7,6,3259.9,False,relay,delivered,Agra,Bangalore,1840.2,True,78387.67,90,2026-09-03T17:51:20.478956
914829fa-e0d9-4cb4-a11e-7a891bf91171,6c7bbdff-9d14-4785-8839-60ad5a9ef6e3,8,6,3767.0,False,relay,delivered,Delhi,Nagpur,1095.3,False,51685.22,80,2026-09-04T08:51:20.483909
c1efa459-ccef-4b45-9416-2eff35b10c25,237759a4-ad01-4dd7-b41f-44c926dac557,4,14,3094.6,False,relay,delivered,Kolkata,Mumbai,1658.2,True,50444.58,90,2026-09-05T11:51:20.487358
aefab625-defb-4504-8d1a-27df1dcb153e,ea7b654c-22fa-4491-ab89-99c8a8867ddd,5,20,4802.0,False,relay,delivered,Kolkata,Mumbai,1658.2,False,57227.19,80,2026-09-06T12:51:20.490548
ede81ba1-9392-4cdf-bb78-baa730bac279,a5b01f1f-fe62-44b1-9d1e-aa7c374867fc,12,5,13593.0,False,relay,delivered,Kolkata,Mumbai,1658.2,False,110779.92,90,2026-09-08T04:51:20.493980
775749e2-6164-4316-b4c7-cca76abf2a65,596ee952-073c-4138-bdd7-914b7f27f542,8,16,6406.7,True,relay,delivered,Kanpur,Delhi,422.4,False,20731.24,90,2026-09-07T14:51:20.497918
18208001-6ec5-4c96-8733-f0fb2ec77732,a5b01f1f-fe62-44b1-9d1e-aa7c374867fc,5,21,2725.2,False,relay,delivered,Hyderabad,Mumbai,625.9,False,22130.82,90,2026-09-07T04:51:20.499864
5cf36f02-9987-4ca2-84b8-e4bf9290c5ad,bfdb26b1-0506-4a6c-9fb9-f9174984b376,3,2,2297.7,False,relay,in_progress,Hyderabad,Agra,1340.2,True,32614.54,90,2026-09-08T15:51:20.502387
4602471e-5741-4345-95b6-fd8b6a477287,05885768-2aa6-4c4f-b24e-35ad49b8b86a,8,8,6018.0,False,relay,delivered,Delhi,Hyderabad,1518.2,True,71139.49,90,2026-09-03T05:51:20.505828
d6220a7a-f567-4868-bda9-4d20df35fdf6,8d627e20-a47a-4129-a380-eb616c6dd69e,5,4,2643.7,False,relay,delivered,Mumbai,Kolkata,1658.2,False,57227.19,80,2026-09-03T10:51:20.510660
7f33c028-45c6-47a6-8f72-fb87e4158d3a,56668049-7c88-4471-a3f5-93584b6849c1,3,23,1431.0,False,single,delivered,Kolkata,Nagpur,970.1,True,23733.19,90,2026-09-08T06:51:20.514069
35ee3c5c-4316-461d-b1e4-35899d783f4e,bfdb26b1-0506-4a6c-9fb9-f9174984b376,4,3,1755.1,False,single,delivered,Mumbai,Pune,120.2,True,4304.57,90,2026-09-08T22:51:20.516778
e3ce7b1d-013f-440f-b064-2ce19f0e3670,4d787e29-654e-4913-bda8-528875626fbb,8,22,8600.4,False,single,cancelled,Delhi,Agra,178.1,True,9490.78,90,2026-09-05T10:51:20.517957
ac535f09-e152-4990-98fb-23c61ec7a3d2,2930953b-27e4-4692-aa41-b73cd590667f,11,13,3550.0,False,single,delivered,Delhi,Agra,178.1,False,12727.51,90,2026-09-05T18:51:20.519275
bb60700a-ec25-463f-9ab9-e1914d0184a2,4db2a639-0d49-42c5-9871-d24eb6513fde,9,22,9100.7,False,single,delivered,Nagpur,Mumbai,688.0,False,40041.09,80,2026-09-04T09:51:20.520531
b7132d05-1126-4505-92fc-4c323da3306e,1df22eb2-3e77-4d5f-a4d8-61939e8ab175,2,19,420.1,False,single,in_progress,Delhi,Jaipur,235.3,True,5055.8,80,2026-09-08T18:51:20.522519
1ddbae81-5121-4b4b-bae7-a30b3d113158,ac88543f-e08e-4905-a612-03108c121e77,4,4,3188.9,False,relay,delivered,Delhi,Ahmedabad,775.8,True,23972.75,90,2026-09-03T06:51:20.523919
46095010-86ed-40a0-b434-f4b1bf3fcf01,56668049-7c88-4471-a3f5-93584b6849c1,5,17,3354.1,False,relay,delivered,Delhi,Chandigarh,375.8,False,13628.37,80,2026-09-03T09:51:20.526235
f77afb0e-fea2-42c8-adb5-c6dd05c64061,9d4ddc89-e9dc-40fc-b003-9b8d2c0714ae,9,10,13169.7,False,single,delivered,Kolkata,Nagpur,970.1,False,55557.31,90,2026-09-05T21:51:20.527970
653c1e1f-8274-421f-bd62-b69dfebbd01c,544105af-97ea-4526-94ec-724000ecf88c,7,23,3368.3,False,relay,delivered,Bangalore,Indore,1299.3,False,55669.23,80,2026-09-03T02:51:20.530310
16681e83-022d-4872-a1bd-228bf8d1ef16,4752ae33-8c47-40e1-be3b-c97c51f20f83,1,23,614.1,False,single,delivered,Kanpur,Agra,244.4,False,4698.44,90,2026-09-07T12:51:20.533960
019bcb12-61aa-4979-86fb-932e36dea1e6,a4d7443f-33e7-4c22-90f9-c5b01ea5324f,13,11,19121.3,False,single,delivered,Kolkata,Nagpur,970.1,False,73449.56,90,2026-09-07T11:51:20.535315
563c782d-68bd-44e7-b172-0da9051be83c,06d5365a-26eb-48dd-ae1b-7ea110ad54fe,10,8,18031.9,False,relay,cancelled,Delhi,Kanpur,422.4,False,28989.93,80,2026-09-06T13:51:20.537742
dcebc658-4c0a-4ff8-8d45-4ad1ff5a36c9,56668049-7c88-4471-a3f5-93584b6849c1,11,1,1474.3,False,single,in_progress,Agra,Kanpur,244.4,True,16572.74,80,2026-09-08T02:51:20.539569
eb6f53f9-f239-4f5f-b720-5654b03efb78,ccf4eb8e-2b57-4e0d-9079-e0f0ca9c8e4c,6,19,2620.4,False,single,cancelled,Pune,Mumbai,120.2,False,5515.79,80,2026-09-04T08:51:20.540810
d6970ed3-cb27-46c8-9a3c-f8622c7ebe59,9a5561af-bb9a-476d-8879-d63051ff2392,1,1,357.2,False,relay,in_progress,Agra,Nagpur,917.3,False,16810.86,80,2026-09-06T17:51:20.541974
82a3752b-919d-4389-b8fa-aa31ddd544b0,21faef45-ee46-4f38-a134-444f1c0f4acc,10,21,13971.0,False,relay,delivered,Bangalore,Agra,1840.2,False,116891.32,90,2026-09-06T20:51:20.544871
6f4bbebc-7966-4a66-b60e-02cbd6d16aed,4d787e29-654e-4913-bda8-528875626fbb,3,16,1001.1,True,single,delivered,Kanpur,Agra,244.4,False,6314.58,90,2026-09-08T09:51:20.549276
cf98be7f-0d43-4984-b24e-704ef9000a0b,9f765660-3e4b-44b2-a43b-ccfbb5e8f159,8,1,4809.5,False,single,delivered,Agra,Delhi,178.1,False,9490.78,80,2026-09-03T10:51:20.550906
310901ff-b6fa-49d3-ad18-813c5badc0d3,47071a20-72e6-4149-8e08-5607dde6f868,4,21,1902.7,False,single,delivered,Hyderabad,Pune,505.8,True,15872.62,80,2026-09-07T22:51:20.552218
bd0b44da-d2b7-4a40-b895-9e010cf738d1,04582f7f-ed21-4cdd-bcd8-78f4cf0352e5,2,4,1339.8,False,single,delivered,Kanpur,Lucknow,75.3,False,1856.52,90,2026-09-03T16:51:20.553857
99b6aece-ffca-452d-8b11-0942e87b8a79,c115ef9a-c3d3-4ecc-8811-204f2f9cc20b,6,7,2166.9,False,single,in_progress,Pune,Hyderabad,505.8,False,20168.66,80,2026-09-04T03:51:20.554837
67b3bf31-190d-432f-be63-3ca4dfab7caa,5967d7e4-0f0e-419c-b3ff-4fdf398db1ce,9,22,12323.9,False,single,delivered,Pune,Hyderabad,505.8,True,30016.48,80,2026-09-05T01:51:20.556518
d67cd122-3f40-4bb5-984d-fd6802c14d7c,0d40c9b7-2d30-4bf8-80aa-28c821e3e77e,1,22,657.0,False,single,delivered,Agra,Lucknow,319.7,False,6054.3,80,2026-09-05T05:51:20.558631
d913bdaf-7f72-48f3-9f5a-ad185a82512f,ccf4eb8e-2b57-4e0d-9079-e0f0ca9c8e4c,5,4,3103.3,False,relay,in_progress,Delhi,Bangalore,2018.2,False,69470.27,80,2026-09-04T15:51:20.560141
cbb272e0-5214-496a-bdf9-1fa624ff571e,7daa9abd-006b-4c1c-b3bd-c50b8b8f6972,3,19,2146.3,False,single,delivered,Nagpur,Mumbai,688.0,False,16962.47,80,2026-09-03T09:51:20.565522
f5d5dfbb-f1b7-45ae-9697-8778cc717274,2930953b-27e4-4692-aa41-b73cd590667f,9,6,15886.2,False,single,delivered,Agra,Delhi,178.1,False,11993.33,80,2026-09-06T15:51:20.567443
ca4673e4-1e35-493f-b180-75a825a55a93,bfdb26b1-0506-4a6c-9fb9-f9174984b376,9,7,4054.6,False,single,in_progress,Kanpur,Lucknow,75.3,False,6342.92,80,2026-09-05T15:51:20.568638
5e9d52e4-87f2-4b83-a2af-b9722f583174,9f27e1b9-013a-4442-89e7-cdad839d9e13,8,12,4002.1,False,single,in_progress,Kolkata,Nagpur,970.1,True,45926.11,90,2026-09-08T15:51:20.569738
1e50182f-6889-4d86-8c3a-2a633fd01435,21a85831-6b05-4f5d-b960-d39fef2b4090,6,19,4732.7,False,relay,in_progress,Bangalore,Indore,1299.3,False,50322.16,90,2026-09-07T05:51:20.572366
22a6fa76-ef66-4906-952a-1f6371beb6ac,91fa918e-a71b-4356-ab90-ca6688c171b5,11,1,1925.1,False,single,delivered,Hyderabad,Pune,505.8,False,31733.74,90,2026-09-07T01:51:20.576075
0b49c0f0-81a6-4607-b6c3-88dfc6947432,b492e2f5-6a42-4f99-be10-1e4f3b586961,5,3,4668.6,False,single,cancelled,Mumbai,Nagpur,688.0,False,24242.67,90,2026-09-03T10:51:20.577871
e2acb50a-8d12-46a1-b164-517c270ed61c,318897c4-75ac-4064-8737-ebb5ded11af9,11,12,6428.4,False,single,delivered,Pune,Mumbai,120.2,False,9368.83,80,2026-09-08T13:51:20.580019
1812c80b-cc1c-43d6-884f-c2f01d15aa60,3db8a97c-f512-4e3d-9289-895eac690ca6,10,22,7408.2,False,relay,delivered,Hyderabad,Mumbai,625.9,True,41606.2,90,2026-09-07T01:51:20.581080
104eb0bc-d0c9-4d93-ba0d-3e1157c66afb,06d5365a-26eb-48dd-ae1b-7ea110ad54fe,5,20,2193.9,False,relay,delivered,Jaipur,Ludhiana,521.1,True,18567.96,90,2026-09-07T01:51:20.583304
88743e18-55ec-4bb2-9a12-f85df8612136,3db8a97c-f512-4e3d-9289-895eac690ca6,7,23,2155.4,False,relay,delivered,Ahmedabad,Ludhiana,1061.6,False,45686.54,90,2026-09-06T10:51:20.585151
3ae54f73-87ed-4191-b3bc-f9fed868e607,06026cca-64bc-4f03-a479-e510ca475f6b,10,22,9646.2,False,single,delivered,Nagpur,Kolkata,970.1,False,62948.24,90,2026-09-03T08:51:20.588484
245f1461-312a-47b8-a148-9afa4d28c7e4,1df22eb2-3e77-4d5f-a4d8-61939e8ab175,11,14,5527.0,False,single,delivered,Kanpur,Lucknow,75.3,True,6768.9,80,2026-09-07T16:51:20.590749
c1dbdcf8-4ba7-489f-ad8f-267145af754c,450d1efc-cc10-437c-8ac1-b30b94752d4f,6,4,2535.6,False,single,delivered,Pune,Mumbai,120.2,False,5515.79,80,2026-09-08T22:51:20.591805
4dcd62ae-102f-4a39-93b1-8d9254983841,6b14af5e-c2ea-473a-8be5-ec8a0c5317d6,13,18,16158.7,False,relay,delivered,Delhi,Kanpur,422.4,False,34014.11,80,2026-09-05T06:51:20.592913
dbd685fa-6bda-4e94-b9a5-6c9a438f94e9,06d5365a-26eb-48dd-ae1b-7ea110ad54fe,1,22,400.6,False,relay,delivered,Chandigarh,Delhi,375.8,False,7065.02,80,2026-09-03T22:51:20.594990
125812eb-bcb4-45b0-afc1-17d25eb186b8,05885768-2aa6-4c4f-b24e-35ad49b8b86a,4,4,2930.6,False,single,delivered,Ahmedabad,Surat,207.7,False,6930.9,90,2026-09-08T18:51:20.596923
aeda1924-e543-4eae-9e86-3b5901661cdf,a7645519-9b3e-476f-8d8a-8a010697b4eb,10,4,10398.6,False,single,delivered,Delhi,Ludhiana,285.8,False,20521.22,80,2026-09-08T22:51:20.598241
575b3114-da11-4a31-8ad6-7de78a30e9b3,ac88543f-e08e-4905-a612-03108c121e77,4,8,1154.8,False,single,delivered,Chandigarh,Ludhiana,90.0,False,3400.25,90,2026-09-08T21:51:20.599595
0d666528-fd8a-4722-9376-27c620da86ef,1a7be64c-4c01-4e5d-a01b-142e806098af,10,13,20608.8,False,single,delivered,Lucknow,Agra,319.7,False,22620.38,90,2026-09-05T18:51:20.600645
0590974f-dbb6-4b17-a955-0416b2ea308e,6016adfd-42bf-4752-bb28-479c0e7d7172,12,13,6834.2,False,relay,delivered,Ludhiana,Mumbai,1502.2,False,100642.76,80,2026-09-02T22:51:20.602299
006db5ff-5ec5-4ad6-82b6-c37b498e8e9a,91cddf7c-e0ea-471b-b136-c52c439d54f5,4,3,2281.6,False,single,in_progress,Nagpur,Mumbai,688.0,False,21340.59,90,2026-09-08T17:51:20.606787
087df422-c5e3-4f91-a667-4386034e6951,78f793c7-edba-4168-bc93-724607d87072,8,5,5153.0,False,single,delivered,Surat,Mumbai,232.9,False,12014.1,80,2026-09-07T01:51:20.608804
16f2fb8a-cbc7-430f-ab6f-95e701c8a444,c722a9a6-9f4d-465a-8fc9-be9b8c2950cf,1,21,621.4,False,single,delivered,Kanpur,Lucknow,75.3,True,1655.87,90,2026-09-07T09:51:20.612318
0b5db603-257f-41b2-a215-cca05095b872,8f4a1d99-4a4f-4834-8fbd-62876e085e16,6,15,4128.8,False,relay,cancelled,Nagpur,Delhi,1095.3,False,42572.57,90,2026-09-08T15:51:20.613753
af8d1b14-2de0-409b-bcec-b42fe34000a7,150c2645-5219-4c92-a75b-a2461bc4ccef,10,1,14538.3,False,relay,in_progress,Delhi,Mumbai,1216.4,False,78214.95,90,2026-09-07T02:51:20.616998
d6ea2221-a265-4044-8d2d-a4b0f725e14c,fb4625aa-0eb9-42b6-b340-822a44ec61a3,9,13,14561.5,False,relay,delivered,Mumbai,Kolkata,1658.2,False,93398.39,80,2026-09-03T17:51:20.621011
3e3688d4-fa80-4d9c-b3d3-77eb61557db0,2930953b-27e4-4692-aa41-b73cd590667f,8,4,6956.2,False,single,delivered,Nagpur,Kolkata,970.1,False,45926.11,90,2026-09-03T19:51:20.624581
24cd764d-73ed-4c52-bd87-60fcf4a4946b,91fa918e-a71b-4356-ab90-ca6688c171b5,6,21,3849.8,False,relay,delivered,Bangalore,Agra,1840.2,False,70876.94,80,2026-09-04T19:51:20.626982
d635fb3c-c047-44b4-b3cc-6039dfb8c49e,612daa81-ed99-42d7-bdb3-3777f3775b9d,4,19,1674.2,False,relay,delivered,Delhi,Hyderabad,1518.2,False,46247.5,90,2026-09-08T22:51:20.631930
eb5eadbd-e2a6-4a99-b14e-87ec40b09966,4752ae33-8c47-40e1-be3b-c97c51f20f83,3,13,573.1,False,single,delivered,Lucknow,Agra,319.7,True,8122.4,80,2026-09-07T02:51:20.636486
ee184809-de75-4c18-9e7c-a261fb998c69,3739c72a-20b4-44d4-b7a8-f273b36cc3b6,2,10,1409.9,False,single,delivered,Agra,Kanpur,244.4,False,5237.15,80,2026-09-04T22:51:20.638168
0cc533a1-ad7e-41b7-a447-5c30934d0dc3,76f544ba-8998-4824-b4d5-56daa98c200a,5,5,3548.3,False,relay,in_progress,Mumbai,Chandigarh,1592.2,False,54984.96,80,2026-09-03T09:51:20.639496
ce13ae61-6446-442e-8e0d-232f8126a630,1563736b-1319-42b1-8123-7f1bfe2a55f0,12,21,10099.3,False,relay,in_progress,Nagpur,Bangalore,922.9,False,62989.3,80,2026-09-06T21:51:20.644603
3f0ad93b-27e9-4c13-915b-d47cf216eb6f,596ee952-073c-4138-bdd7-914b7f27f542,2,4,1241.9,False,single,delivered,Pune,Hyderabad,505.8,False,10465.08,90,2026-09-03T19:51:20.647970
59adecc7-d64d-47fe-8173-b7805b5c0c43,45cd0b66-1ef1-48a9-aef0-e3e51f3cee95,1,8,447.0,False,relay,cancelled,Delhi,Lucknow,497.7,True,9259.39,90,2026-09-03T06:51:20.649736
e9378d34-9971-432a-89f9-bd3a57649ca3,c722a9a6-9f4d-465a-8fc9-be9b8c2950cf,8,15,3027.3,False,relay,delivered,Surat,Ludhiana,1269.3,False,59686.93,90,2026-09-06T00:51:20.651973
87fd1fd4-a5aa-4bf8-b7c9-67c7a79cf4ad,21a85831-6b05-4f5d-b960-d39fef2b4090,6,23,3047.7,False,relay,delivered,Delhi,Bangalore,2018.2,True,77643.24,90,2026-09-07T03:51:20.656073
1e4c3b25-074b-403f-b596-ff3a2f75673c,fba70d70-f9de-456a-be6c-5343ba8cb49d,5,8,5744.7,False,relay,delivered,Surat,Ludhiana,1269.3,False,44005.56,90,2026-09-03T04:51:20.663179
b2e50123-de5a-44da-bf69-57222f81d15b,612daa81-ed99-42d7-bdb3-3777f3775b9d,5,21,5777.8,False,single,delivered,Hyderabad,Pune,505.8,True,18045.64,90,2026-09-05T04:51:20.666964
be1ffcc4-c89a-4130-a872-3ac57ed30984,9f27e1b9-013a-4442-89e7-cdad839d9e13,7,13,5339.2,False,single,cancelled,Kanpur,Agra,244.4,False,11363.02,80,2026-09-08T22:51:20.668614
1844f8bf-fc8b-4ff9-876e-739eb73d9be3,0c5b9a76-0df0-4cfe-a517-44dacd1d83a5,12,5,11620.1,False,relay,in_progress,Agra,Hyderabad,1340.2,False,90112.31,80,2026-09-06T06:51:20.670014
0d8ea3d3-8554-46f2-8116-2632ee3e050d,05b05cf5-e1ba-48d6-8db5-323ce0385788,7,16,2974.0,True,relay,in_progress,Delhi,Ahmedabad,775.8,True,33681.84,90,2026-09-03T17:51:20.673581
4dea94c9-2543-402a-bafb-5806fce53a6e,6016adfd-42bf-4752-bb28-479c0e7d7172,7,23,7145.7,False,single,delivered,Mumbai,Pune,120.2,False,6146.4,90,2026-09-05T10:51:20.676408
d075ff21-6a3d-49cd-bbb5-15bfaebf994d,c722a9a6-9f4d-465a-8fc9-be9b8c2950cf,1,13,745.0,False,relay,in_progress,Hyderabad,Indore,799.3,False,14686.94,80,2026-09-06T11:51:20.677769
67115e93-5a7c-46b3-a59d-95ee9290be1f,0c5b9a76-0df0-4cfe-a517-44dacd1d83a5,1,19,418.4,False,single,delivered,Hyderabad,Pune,505.8,False,9403.57,90,2026-09-07T08:51:20.680483
52be96f7-7532-4b6d-9b75-baaf573ccb7a,ab560d2e-94e2-497d-b2e2-5e0a0ba57fca,12,6,6567.2,False,relay,in_progress,Delhi,Surat,983.5,True,66924.57,90,2026-09-03T05:51:20.682674
25a8e339-0cb9-480d-91bc-abffbfac62ae,76f544ba-8998-4824-b4d5-56daa98c200a,12,1,5934.7,False,single,delivered,Agra,Lucknow,319.7,True,23779.43,90,2026-09-03T00:51:20.685901
549909c1-8979-4fdd-aac2-7f461c0f1e33,aab3a558-9806-493f-ad2b-0a3ddee1860c,1,2,742.1,False,relay,delivered,Nagpur,Bangalore,922.9,False,16912.42,80,2026-09-07T03:51:20.687572
780a6dcd-1217-417e-bbe0-b2f6461c1fcb,6b14af5e-c2ea-473a-8be5-ec8a0c5317d6,1,16,508.3,False,relay,delivered,Mumbai,Kolkata,1658.2,False,30146.75,90,2026-09-04T18:51:20.690711
d36f2b61-6d36-40f2-8d35-48dab0aa5689,8d627e20-a47a-4129-a380-eb616c6dd69e,4,2,2474.4,False,relay,delivered,Jaipur,Ludhiana,521.1,True,16333.49,80,2026-09-07T19:51:20.694597
a2f39be4-e344-4f7f-8189-b537f1f2ce0a,1563736b-1319-42b1-8123-7f1bfe2a55f0,1,5,374.9,False,relay,delivered,Kolkata,Mumbai,1658.2,False,30146.75,90,2026-09-08T00:51:20.697047
d19b5d8f-c1c9-4368-b481-67762eb41f0f,9e263c2e-2cf7-44cd-81e5-75a0252945a1,13,5,14942.7,False,relay,delivered,Delhi,Lucknow,497.7,True,39437.57,90,2026-09-03T04:51:20.701016
e9679db3-c267-4596-9780-253cb50a8675,0c5b9a76-0df0-4cfe-a517-44dacd1d83a5,12,23,9360.7,False,relay,delivered,Indore,Bangalore,1299.3,False,87452.38,90,2026-09-03T14:51:20.703889
a7d8d00b-0608-4ab1-abe7-af633867e468,872648c2-0487-475d-951b-54c735f492bc,2,8,1385.4,False,relay,delivered,Mumbai,Kolkata,1658.2,False,33513.05,90,2026-09-08T20:51:20.707550
f93331a1-3141-4776-9a77-f9a721302fd8,6c7bbdff-9d14-4785-8839-60ad5a9ef6e3,8,12,8078.2,False,single,delivered,Agra,Kanpur,244.4,False,12540.45,80,2026-09-07T06:51:20.711082
1c76175b-7fa0-4a81-9f78-d02f64ce548a,9f9a60a1-b182-4190-b274-35482830e3d2,5,22,4266.6,False,single,in_progress,Agra,Kanpur,244.4,False,9158.16,80,2026-09-06T05:51:20.712619
50c4d69d-d5ee-4f4e-8381-a433cd24c86c,9a5561af-bb9a-476d-8879-d63051ff2392,9,18,5380.6,False,single,delivered,Hyderabad,Pune,505.8,False,30016.48,90,2026-09-04T05:51:20.714778
595ce866-3eef-432e-a569-091aad21f02e,dd1f7c85-51f1-402e-b9f6-ab2f6e4865ba,10,9,6306.3,False,relay,in_progress,Delhi,Kanpur,422.4,False,28989.93,80,2026-09-03T13:51:20.717062
fb7792ae-4885-4454-80b4-6ab894e490f4,095ad917-ac53-451c-97d2-405f4aca498f,11,1,1835.7,False,relay,delivered,Mumbai,Hyderabad,625.9,False,38702.57,80,2026-09-05T08:51:20.719780
1e37dfa4-61f2-48f3-afd7-ea921733f201,5967d7e4-0f0e-419c-b3ff-4fdf398db1ce,7,10,5167.5,False,single,delivered,Hyderabad,Pune,505.8,False,22341.67,90,2026-09-08T12:51:20.723110
81f92903-ce03-407a-a4d3-1a09892c1532,f680cc7d-ebea-402d-b3d3-5ee249dc0e8b,5,2,2871.5,False,relay,delivered,Lucknow,Delhi,497.7,False,17773.3,80,2026-09-04T12:51:20.725275
f8bcbba9-c411-461f-888a-9b650305a8aa,9a5561af-bb9a-476d-8879-d63051ff2392,9,14,10535.3,False,relay,delivered,Hyderabad,Mumbai,625.9,False,36624.85,80,2026-09-03T15:51:20.727932
b63d9db5-4c7d-4487-b3b1-1a5005ad3436,3a383b31-c880-407c-a179-71f2a88107fc,11,5,4938.9,False,relay,in_progress,Mumbai,Jaipur,981.1,False,59302.64,90,2026-09-05T20:51:20.730361
10f0f415-870f-4a74-97b4-8de611e8a837,3db8a97c-f512-4e3d-9289-895eac690ca6,9,20,13564.4,False,relay,cancelled,Surat,Chandigarh,1359.3,False,76960.92,80,2026-09-05T09:51:20.733646
48f0ef8b-4635-4d6a-8db4-b6beb16657d0,0d40c9b7-2d30-4bf8-80aa-28c821e3e77e,2,15,1376.5,False,relay,cancelled,Delhi,Surat,983.5,False,20019.1,90,2026-09-04T04:51:20.738568
3b5fd010-41a4-4f37-b5e8-420893b429f1,4752ae33-8c47-40e1-be3b-c97c51f20f83,9,5,4459.9,False,single,delivered,Nagpur,Hyderabad,422.9,False,25460.55,90,2026-09-07T14:51:20.742046
cb6ee2dc-957a-40cd-ada6-4fccc70af3c7,2930953b-27e4-4692-aa41-b73cd590667f,12,4,6283.0,False,single,delivered,Mumbai,Nagpur,688.0,True,47721.29,90,2026-09-05T13:51:20.743933
95f48df6-b23c-4847-a6b7-7f88977bbe28,3a9c9ffc-5812-45ae-9d2d-64da1936b8ca,11,8,5199.9,False,single,delivered,Mumbai,Nagpur,688.0,False,42305.15,80,2026-09-06T15:51:20.746231
d3a6f840-d473-463f-a585-56105c942a4a,0dc0c367-01cf-40ab-b90a-05ea11e33f4a,2,3,1252.1,False,single,delivered,Agra,Lucknow,319.7,False,6743.67,90,2026-09-04T21:51:20.748413
0a8d53a5-5c0a-4a6e-9df9-721bb3aa5ea0,9f27e1b9-013a-4442-89e7-cdad839d9e13,7,22,4283.2,False,single,delivered,Hyderabad,Pune,505.8,False,22341.67,80,2026-09-07T03:51:20.750119
08b85715-18a7-4c79-8790-6d391ab6d7d7,a7645519-9b3e-476f-8d8a-8a010697b4eb,10,17,17047.3,False,relay,delivered,Delhi,Chandigarh,375.8,False,26101.74,80,2026-09-08T11:51:20.752011
d23af861-3603-4617-bf8d-fec14096a032,3a9c9ffc-5812-45ae-9d2d-64da1936b8ca,6,13,2504.9,False,relay,delivered,Bangalore,Delhi,2018.2,False,77643.24,90,2026-09-06T19:51:20.754220
5e8b635b-15d0-4520-bb03-6626668ab34e,dfe38341-ca49-46d7-ad32-5e3eb2212bc0,9,6,9444.9,False,single,delivered,Hyderabad,Pune,505.8,False,30016.48,80,2026-09-06T01:51:20.761788
cbf66342-19c2-4daa-a99c-7776756790a5,9f765660-3e4b-44b2-a43b-ccfbb5e8f159,6,13,3844.4,False,relay,delivered,Bangalore,Indore,1299.3,True,50322.16,90,2026-09-04T03:51:20.764240
d134c32c-594a-43f1-a807-fd3438e3ae42,544105af-97ea-4526-94ec-724000ecf88c,6,22,3147.5,False,relay,delivered,Mumbai,Kolkata,1658.2,True,63959.8,90,2026-09-08T22:51:20.768273
dcdfa794-f51d-426e-9b91-6f3e390f893c,3db8a97c-f512-4e3d-9289-895eac690ca6,9,7,12908.2,False,single,delivered,Nagpur,Mumbai,688.0,False,40041.09,90,2026-09-08T18:51:20.775189
8c94bc27-e9d6-42aa-95df-16b615e2f722,c8bbf470-efb2-40c7-be1b-1e6a320fe008,3,6,619.9,False,relay,cancelled,Hyderabad,Delhi,1518.2,True,36888.0,90,2026-09-04T15:51:20.778344
674420e8-caba-4dcf-a265-9cc8a6706087,92e19202-5496-4c1a-888a-7756e046137d,5,15,5469.0,False,relay,delivered,Chandigarh,Ahmedabad,1151.6,False,40004.15,80,2026-09-04T08:51:20.786923
9c6a4c64-13f7-4494-b94a-096a8f8239cd,7c630bbd-af23-4a3d-8f02-0a0c15560199,12,8,4018.7,False,relay,delivered,Delhi,Lucknow,497.7,True,35353.36,90,2026-09-04T10:51:20.793776
ac075885-ffc1-415e-8262-9ac3ab8920d3,78f793c7-edba-4168-bc93-724607d87072,5,5,3937.8,False,relay,in_progress,Hyderabad,Indore,799.3,False,28025.32,80,2026-09-03T13:51:20.797618
73888c6a-292f-430e-9d8e-c1f5c0933b78,fba70d70-f9de-456a-be6c-5343ba8cb49d,12,22,5677.2,False,single,delivered,Hyderabad,Bangalore,500.0,False,35499.56,80,2026-09-04T12:51:20.800882
0d6f4adf-3e21-4428-a96e-c33dbdb47ddb,7a1bf95b-8ddc-4f32-ab6e-622e3c3458c8,13,21,24521.9,False,relay,delivered,Mumbai,Kolkata,1658.2,False,122986.99,90,2026-09-06T20:51:20.802896
5d4eb47a-17e6-4c98-86e9-7a688d962155,3a383b31-c880-407c-a179-71f2a88107fc,7,17,6313.9,False,single,delivered,Hyderabad,Pune,505.8,True,22341.67,90,2026-09-08T06:51:20.807389
10edb9e5-ad11-44a1-96d9-a1a71c87a881,1b352524-fa65-4d40-adc4-c3b6ec9b1862,4,14,3374.7,False,single,delivered,Kanpur,Agra,244.4,False,8030.73,80,2026-09-04T23:51:20.809132
71eea904-acf6-4e32-8e98-4a6a29144b75,1194059e-ad07-4b75-b221-99930a47c946,7,1,2366.2,False,relay,delivered,Delhi,Kanpur,422.4,False,18841.56,80,2026-09-06T14:51:20.810799
59526136-dd01-407f-88c0-10af9f28d959,ed3c6913-661a-400f-87c9-22d1a8634477,5,17,1313.8,False,relay,in_progress,Mumbai,Kolkata,1658.2,True,57227.19,80,2026-09-07T17:51:20.813614
e54ee320-8699-4dce-b6e5-d2ea075ebb94,b5e74178-5094-4f54-a5b6-dee4f5312a44,4,11,2416.9,False,relay,delivered,Nagpur,Agra,917.3,True,28218.11,80,2026-09-04T08:51:20.817696
5844818b-1964-4775-8da1-a2492b1cb5ab,ea7b654c-22fa-4491-ab89-99c8a8867ddd,4,7,2363.3,False,relay,in_progress,Hyderabad,Indore,799.3,True,24678.23,80,2026-09-04T08:51:20.821163
274af928-193a-4a29-9690-dcff6b21e63d,2930953b-27e4-4692-aa41-b73cd590667f,1,1,357.4,False,single,cancelled,Lucknow,Agra,319.7,False,6054.3,90,2026-09-07T09:51:20.825068
75919410-1534-4238-9620-b373304a3fcc,dd1f7c85-51f1-402e-b9f6-ab2f6e4865ba,2,18,1166.7,False,single,cancelled,Agra,Delhi,178.1,False,3911.21,90,2026-09-03T06:51:20.827247
33c23c2a-8e5d-4278-84e4-53af31c6e7a9,02d4af4d-e57b-4f53-8059-c97db89848cb,13,5,13824.1,False,relay,delivered,Surat,Chandigarh,1359.3,False,101468.84,80,2026-09-07T16:51:20.829046
b5770f46-d8cc-492d-9d54-066789f6e6e1,7903a62d-e2f1-48b8-bc62-790ba1775f27,3,3,2424.3,False,single,delivered,Nagpur,Mumbai,688.0,False,16962.47,90,2026-09-03T13:51:20.835546
d51860c8-bb87-4660-8fba-1a925529dce4,a42fbc97-be1c-48df-ae6c-fc57046f0193,11,20,3460.9,False,single,delivered,Lucknow,Kanpur,75.3,True,6768.9,80,2026-09-05T23:51:20.839786
ea0cfd76-5a8f-44e1-bb60-e2d5f8318931,a4d7443f-33e7-4c22-90f9-c5b01ea5324f,4,19,3108.7,False,relay,cancelled,Indore,Bangalore,1299.3,False,39678.02,90,2026-09-05T21:51:20.841554
13006d07-1049-400c-9658-ecdeab22e0e4,4752ae33-8c47-40e1-be3b-c97c51f20f83,8,9,6971.6,False,relay,delivered,Mumbai,Kolkata,1658.2,False,77575.02,80,2026-09-06T20:51:20.846894
3bcd654c-16f8-4c4b-87c9-bc59d6b7161b,e24e0399-77b3-4126-a9a4-9e3346694f8c,1,2,217.7,False,single,delivered,Agra,Delhi,178.1,True,3505.09,90,2026-09-07T04:51:20.852922
b1e02ec2-e73a-4c5f-9313-d6dbda05468d,525431da-6745-4372-91f8-b6b5e6a5e8a4,12,6,6731.8,False,relay,delivered,Surat,Chandigarh,1359.3,False,91353.82,90,2026-09-08T03:51:20.854926
9a829149-d5c7-45bf-a930-e4a81d5c99a6,1df22eb2-3e77-4d5f-a4d8-61939e8ab175,11,22,2678.6,False,single,delivered,Lucknow,Agra,319.7,False,20941.64,90,2026-09-03T10:51:20.861671
a816b5f2-3dda-4348-8a25-ccfe47ac7f9a,3a383b31-c880-407c-a179-71f2a88107fc,3,21,1379.7,False,relay,cancelled,Delhi,Indore,719.0,False,17705.42,90,2026-09-08T09:51:20.863627
9ae4bb85-d4d2-4ce1-83f1-ec7afbc25aee,7903a62d-e2f1-48b8-bc62-790ba1775f27,13,10,18104.9,False,single,cancelled,Mumbai,Pune,120.2,False,12250.97,90,2026-09-05T11:51:20.866734
32c929c4-a1b1-456a-ba09-e2f70b65052d,b926056f-973d-43f1-8e47-87fa4b016be1,10,18,8391.2,False,single,in_progress,Mumbai,Pune,120.2,False,10249.44,80,2026-09-03T07:51:20.868267
82638594-d67c-4d42-8b30-2bdf4eb7a3c6,ea7b654c-22fa-4491-ab89-99c8a8867ddd,6,9,4207.7,False,single,delivered,Nagpur,Mumbai,688.0,True,27094.75,80,2026-09-05T08:51:20.870093
44629133-2092-4af1-86e8-df684e57111c,05bca4d0-e57e-4319-9aad-09bd603ef17a,7,18,6895.6,False,relay,delivered,Mumbai,Kolkata,1658.2,False,70742.41,80,2026-09-03T04:51:20.872811
84342ace-9650-4096-8543-371c1e49ba5b,bfdb26b1-0506-4a6c-9fb9-f9174984b376,7,4,2800.8,False,single,cancelled,Nagpur,Hyderabad,422.9,False,18862.6,80,2026-09-06T07:51:20.878519
19264eab-4e8d-452b-ab86-11b39cb6040d,f8faa4bb-04fd-4ec5-9883-6c1407b37cfa,1,13,224.8,False,relay,in_progress,Bangalore,Delhi,2018.2,False,36628.38,90,2026-09-07T02:51:20.880770
cd080358-81fd-4521-a27e-c4e88f2c3c5a,579cb585-d846-49eb-bef7-e51402810c4e,10,22,12937.4,False,relay,delivered,Mumbai,Kolkata,1658.2,False,105605.46,90,2026-09-05T17:51:20.888459
6b645959-79bb-4a54-8bc6-fc33b2c1d329,e169fa46-6e01-440e-ab14-ed43e429e760,13,2,12777.0,False,single,in_progress,Mumbai,Pune,120.2,False,12250.97,90,2026-09-07T15:51:20.893460
2d764ab1-5ef9-4299-9674-6b4b183675e1,96e0997f-71e3-49bb-9385-df9a5edbd8ec,6,15,6781.2,False,single,delivered,Nagpur,Kolkata,970.1,True,37815.05,80,2026-09-06T20:51:20.895154
466bca09-9c54-487b-b663-7722db942e65,c8bbf470-efb2-40c7-be1b-1e6a320fe008,1,11,392.8,False,single,delivered,Mumbai,Pune,120.2,False,2462.74,80,2026-09-06T07:51:20.898404
ea77a459-eee2-4962-bbc7-d811e535f4e4,7df0e7bd-66eb-4857-822c-477a50884ecd,3,23,1116.5,False,single,delivered,Indore,Agra,540.9,False,13431.96,90,2026-09-04T08:51:20.900176
12bbacba-41b8-4980-8799-da3eda3a3dda,2930953b-27e4-4692-aa41-b73cd590667f,1,1,747.9,False,relay,delivered,Hyderabad,Indore,799.3,False,14686.94,80,2026-09-05T06:51:20.902634
08f226b7-5546-4fcc-a1a9-1c78335a6ceb,7c630bbd-af23-4a3d-8f02-0a0c15560199,5,11,5842.9,False,relay,delivered,Indore,Delhi,719.0,False,25295.17,80,2026-09-05T01:51:20.906291
a2b8f05a-4482-44e3-9aad-6005ce29f686,b2b0a972-c4f2-4d48-a3d6-f519bdb65e2d,9,6,6279.7,False,single,delivered,Agra,Kanpur,244.4,False,15639.67,90,2026-09-03T00:51:20.910037
fff854ad-93a2-4909-871d-d071daa5a577,9e263c2e-2cf7-44cd-81e5-75a0252945a1,5,4,5140.6,False,relay,cancelled,Bangalore,Delhi,2018.2,True,69470.27,90,2026-09-05T13:51:20.911944
5ef4fe5a-cd4c-4188-bf8b-eb3c070dd18e,b926056f-973d-43f1-8e47-87fa4b016be1,5,21,2619.3,False,relay,in_progress,Hyderabad,Delhi,1518.2,True,52470.5,80,2026-09-08T06:51:20.919705
c8248d5d-dd83-4296-b24e-f4c45c3e7769,579cb585-d846-49eb-bef7-e51402810c4e,7,6,2890.4,False,single,delivered,Mumbai,Nagpur,688.0,True,29996.83,80,2026-09-07T17:51:20.926032
8a888f2a-c372-4367-aa73-a2126669c110,b2b0a972-c4f2-4d48-a3d6-f519bdb65e2d,3,11,1282.4,False,relay,delivered,Indore,Delhi,719.0,True,17705.42,80,2026-09-04T04:51:20.929130
48e775d4-783a-46e6-8302-81d8c72096d8,237759a4-ad01-4dd7-b41f-44c926dac557,1,9,327.5,False,single,in_progress,Agra,Indore,540.9,False,10036.47,80,2026-09-07T16:51:20.932867
319629dc-f2fb-483d-bdb9-72cc4afb8029,dd1f7c85-51f1-402e-b9f6-ab2f6e4865ba,5,11,2784.3,False,single,delivered,Lucknow,Kanpur,75.3,False,3411.08,80,2026-09-04T19:51:20.935247
5bd5d3cb-b1bb-4f66-ad31-de9e1d8177f2,6c310b34-f78a-40ad-b220-742a88107c5c,3,15,981.7,False,single,delivered,Mumbai,Pune,120.2,False,3333.66,90,2026-09-06T03:51:20.936661
81e54a32-ac79-4736-8f1c-68a0021aa40e,4752ae33-8c47-40e1-be3b-c97c51f20f83,5,13,3684.4,False,relay,delivered,Hyderabad,Mumbai,625.9,True,22130.82,80,2026-09-03T00:51:20.938522
b343eeaa-ed8c-4084-81cc-7dc8fa3a9c0b,ea7b654c-22fa-4491-ab89-99c8a8867ddd,2,17,1431.1,False,relay,delivered,Jaipur,Surat,748.2,False,15313.29,90,2026-09-03T14:51:20.942367
e663a8b4-33e2-4293-bc09-aaef6f5e5658,51efcc79-33f3-4355-a328-afb72c842614,6,20,3884.7,False,single,cancelled,Indore,Nagpur,376.4,False,15251.49,90,2026-09-08T04:51:20.946027
c5f174ae-911b-468b-96a2-35dfa2ec4c6a,544105af-97ea-4526-94ec-724000ecf88c,7,13,6219.1,False,relay,cancelled,Ahmedabad,Ludhiana,1061.6,False,45686.54,90,2026-09-05T19:51:20.948326
e326f019-0b3b-4583-983d-946c43a50870,5967d7e4-0f0e-419c-b3ff-4fdf398db1ce,12,6,3618.0,False,relay,delivered,Agra,Hyderabad,1340.2,False,90112.31,80,2026-09-07T20:51:20.952918
8a12cff5-7a24-40b8-a533-0fd45080e27c,5967d7e4-0f0e-419c-b3ff-4fdf398db1ce,6,2,5040.3,False,relay,delivered,Hyderabad,Agra,1340.2,False,51877.19,90,2026-09-07T21:51:20.957838
b817b477-2beb-4306-9bb1-ae641f154627,96e0997f-71e3-49bb-9385-df9a5edbd8ec,1,5,491.7,False,relay,delivered,Lucknow,Delhi,497.7,False,9259.39,80,2026-09-03T06:51:20.963461
a79c3787-b43f-4336-800e-82807199a84e,9a5561af-bb9a-476d-8879-d63051ff2392,4,10,2721.1,False,relay,cancelled,Hyderabad,Delhi,1518.2,True,46247.5,80,2026-09-04T07:51:20.966996
52d7a2f6-a1e8-430e-bc51-dc90dce30517,acf70833-a3ac-4efb-bf9f-004b099d3b76,9,17,11035.2,False,single,cancelled,Kanpur,Lucknow,75.3,False,6342.92,80,2026-09-05T00:51:20.973359
feb14f75-8951-4ad0-8d51-de2afe6f2595,2930953b-27e4-4692-aa41-b73cd590667f,3,18,2085.3,False,relay,delivered,Hyderabad,Indore,799.3,False,19632.58,80,2026-09-04T17:51:20.974965
6edd17dc-5147-4603-a1f7-6df1b1bfb56f,dfe38341-ca49-46d7-ad32-5e3eb2212bc0,11,4,5347.8,False,relay,delivered,Surat,Delhi,983.5,False,59440.39,90,2026-09-07T08:51:20.978600
b6c4a2fd-414a-4ca5-8325-bd35dae23808,a42fbc97-be1c-48df-ae6c-fc57046f0193,9,14,8127.9,False,relay,in_progress,Kolkata,Mumbai,1658.2,False,93398.39,90,2026-09-08T14:51:20.983740
2bef0bac-306f-42d1-94ec-35595c9a4e5c,1df22eb2-3e77-4d5f-a4d8-61939e8ab175,12,8,5164.8,False,relay,delivered,Agra,Hyderabad,1340.2,False,90112.31,80,2026-09-08T06:51:20.990229
a57e2353-29ab-422d-bdb5-a14408d848de,9f9a60a1-b182-4190-b274-35482830e3d2,6,3,3683.2,False,relay,delivered,Mumbai,Ludhiana,1502.2,False,58033.46,80,2026-09-04T15:51:20.993927
a4594012-bbf2-446d-a714-2855dc66fec9,7a1bf95b-8ddc-4f32-ab6e-622e3c3458c8,12,5,9317.0,False,single,in_progress,Kanpur,Agra,244.4,True,18883.25,80,2026-09-02T23:51:20.999178
45fa3a1f-2eaa-4169-8927-2635f81a3ec8,883c0ce7-ba51-4e8b-a858-01227935d801,7,2,5021.3,False,relay,delivered,Ahmedabad,Chandigarh,1151.6,True,49466.89,90,2026-09-03T15:51:21.000925
e33254cf-95b8-4f60-8230-f59496450927,06026cca-64bc-4f03-a479-e510ca475f6b,12,9,13022.7,False,relay,delivered,Hyderabad,Delhi,1518.2,False,101686.24,80,2026-09-03T11:51:21.005402
c31904e6-7d6f-40dc-986e-fa6ef571fadf,318897c4-75ac-4064-8737-ebb5ded11af9,1,8,518.9,False,single,delivered,Kolkata,Nagpur,970.1,False,17762.39,90,2026-09-07T05:51:21.009780
9ca65e3f-b8c2-495b-90f4-96f85aa6f24c,612daa81-ed99-42d7-bdb3-3777f3775b9d,5,5,3094.0,False,single,delivered,Nagpur,Indore,376.4,False,13646.07,80,2026-09-08T01:51:21.012563
b3c60d41-6c15-47f8-af95-91ec3e81e315,9d4ddc89-e9dc-40fc-b003-9b8d2c0714ae,3,11,1728.4,False,relay,cancelled,Hyderabad,Indore,799.3,False,19632.58,90,2026-09-06T20:51:21.014160
104bb4ba-8b2c-4a23-8710-a2a5108f8d73,a4d7443f-33e7-4c22-90f9-c5b01ea5324f,13,8,7670.8,False,single,delivered,Kanpur,Lucknow,75.3,False,9023.46,80,2026-09-08T10:51:21.017464
520c6a57-4fde-4cfc-a5e6-ffcdbd8077b0,80b23266-09d7-466f-9343-e8c4255ec804,5,20,4802.3,False,single,delivered,Indore,Nagpur,376.4,False,13646.07,80,2026-09-05T08:51:21.019013
85e7886d-f5b5-473c-9849-eb82d959cd4a,2c21a0d7-50d9-46c5-9906-6986086a8d58,4,12,863.6,False,single,delivered,Pune,Hyderabad,505.8,False,15872.62,90,2026-09-05T07:51:21.020806
a5392add-bcab-480a-81c0-c007fbe2957d,4d787e29-654e-4913-bda8-528875626fbb,7,2,6624.6,False,relay,cancelled,Kolkata,Mumbai,1658.2,False,70742.41,80,2026-09-08T17:51:21.022841
293d3c44-d035-4d2a-9c45-9eb5065fcf1b,0f2c25f9-3c7d-45dc-b437-c8086114a403,1,14,251.4,False,single,delivered,Nagpur,Mumbai,688.0,False,12684.36,80,2026-09-06T13:51:21.026323
414fe559-3377-4877-aee3-80844f96e4d1,2c21a0d7-50d9-46c5-9906-6986086a8d58,6,16,2859.2,False,single,in_progress,Lucknow,Agra,319.7,False,13097.97,80,2026-09-03T12:51:21.028083
13e0a47a-4ebc-4703-8ede-0c6c0f2d5070,d3589af3-5f4b-4d62-b2e8-04b4b1a55203,13,8,6073.7,False,single,delivered,Ahmedabad,Surat,207.7,False,18554.17,80,2026-09-06T12:51:21.029653
2b5b0dae-ee59-4b51-b78a-e270b7f87dcd,2930953b-27e4-4692-aa41-b73cd590667f,13,22,18773.3,False,relay,in_progress,Chandigarh,Ahmedabad,1151.6,True,86514.67,90,2026-09-04T06:51:21.030946
9f76f166-82a1-4055-bc98-30e014f8674d,06026cca-64bc-4f03-a479-e510ca475f6b,12,11,8343.0,False,single,delivered,Kolkata,Nagpur,970.1,True,66058.63,80,2026-09-06T07:51:21.034350
128d7ddf-ef5b-4409-b236-cc51654adb98,b926056f-973d-43f1-8e47-87fa4b016be1,8,17,2558.1,False,relay,delivered,Nagpur,Agra,917.3,False,43494.43,90,2026-09-03T19:51:21.036680
cf6b406f-6313-4e4b-852a-0bb7ade64a0f,6abb00fb-3d44-4999-a2ab-345b45069e67,2,16,575.9,False,single,delivered,Kolkata,Nagpur,970.1,False,19752.66,80,2026-09-05T17:51:21.039450
b1a09bac-4df6-4598-ad4c-8b844f405a56,8f4a1d99-4a4f-4834-8fbd-62876e085e16,11,20,4929.1,False,single,delivered,Hyderabad,Nagpur,422.9,False,26929.31,80,2026-09-06T05:51:21.041765
6ce6b935-b6c1-4b95-8c95-c0139be90f99,dfe38341-ca49-46d7-ad32-5e3eb2212bc0,13,8,15070.6,False,single,delivered,Nagpur,Mumbai,688.0,False,53137.42,90,2026-09-03T16:51:21.043267
1b2da662-d0f3-476b-b094-1c651a404c89,e24e0399-77b3-4126-a9a4-9e3346694f8c,5,2,4921.1,False,relay,in_progress,Kolkata,Mumbai,1658.2,False,57227.19,80,2026-09-07T17:51:21.044927
52518033-931b-41e3-89d3-d66d7fa00d17,b8ac16d5-0d46-436e-ab7b-c4c1334864fa,1,6,604.6,False,relay,in_progress,Lucknow,Delhi,497.7,True,9259.39,80,2026-09-04T13:51:21.048144
3d3a9c8a-cc29-4298-8cfa-0279d8e85b67,a7645519-9b3e-476f-8d8a-8a010697b4eb,13,2,14338.8,False,relay,delivered,Hyderabad,Mumbai,625.9,False,48665.26,90,2026-09-08T21:51:21.050754
f933b6b9-e0e4-42c2-94ab-98b7fd6a121a,ac88543f-e08e-4905-a612-03108c121e77,8,21,6547.3,False,relay,in_progress,Lucknow,Delhi,497.7,False,24196.23,90,2026-09-07T10:51:21.052870
cf045de9-7cb1-4504-b2ff-dfb577996e52,05b05cf5-e1ba-48d6-8db5-323ce0385788,1,23,377.1,False,relay,cancelled,Kolkata,Mumbai,1658.2,False,30146.75,80,2026-09-05T11:51:21.055348
b28b46e2-487b-4608-8065-eed0e31e703e,ccf4eb8e-2b57-4e0d-9079-e0f0ca9c8e4c,10,6,16882.7,False,relay,delivered,Nagpur,Bangalore,922.9,True,60020.57,90,2026-09-07T17:51:21.059754
cfc16c97-c1c1-4e6c-a0e6-30c0a4dd3ec3,72f524cf-e693-4dce-954f-1f98a4c6df0c,10,23,9796.9,False,single,delivered,Lucknow,Agra,319.7,False,22620.38,90,2026-09-06T03:51:21.062363
5062dcd1-8737-4dbb-b318-331142c04236,80b23266-09d7-466f-9343-e8c4255ec804,4,5,2201.2,False,single,in_progress,Hyderabad,Bangalore,500.0,True,15699.8,90,2026-09-06T05:51:21.063741
6ab90ce1-d6c0-4a97-9bed-73022cf75ced,ab560d2e-94e2-497d-b2e2-5e0a0ba57fca,10,15,4490.7,False,relay,delivered,Delhi,Kanpur,422.4,False,28989.93,90,2026-09-03T07:51:21.067039
d76c9fe0-205e-4cc5-a7e0-7dc070d9e3db,f8faa4bb-04fd-4ec5-9883-6c1407b37cfa,8,1,2473.5,False,relay,cancelled,Delhi,Nagpur,1095.3,True,51685.22,90,2026-09-03T03:51:21.069104
41b52b85-3c9b-4109-b48f-6c64e57667ba,acf70833-a3ac-4efb-bf9f-004b099d3b76,9,19,10642.5,False,single,cancelled,Surat,Mumbai,232.9,False,15010.34,80,2026-09-07T18:51:21.072548
3b8046ac-f836-4e1d-8266-01fade9be5a8,872648c2-0487-475d-951b-54c735f492bc,13,20,6324.5,False,relay,in_progress,Mumbai,Hyderabad,625.9,False,48665.26,90,2026-09-04T08:51:21.074193
d789ef60-156f-46b8-a445-8128a5d9b9ba,06026cca-64bc-4f03-a479-e510ca475f6b,11,1,6924.2,False,single,delivered,Mumbai,Nagpur,688.0,False,42305.15,90,2026-09-04T17:51:21.076569
9191378a-e629-4a44-aa64-9fb6986f8766,ac88543f-e08e-4905-a612-03108c121e77,6,5,6074.6,False,relay,in_progress,Mumbai,Hyderabad,625.9,False,24734.44,80,2026-09-07T18:51:21.078641
6bad05ee-bd8c-4d27-8612-4907adb011c2,2930953b-27e4-4692-aa41-b73cd590667f,8,17,3421.7,False,relay,delivered,Hyderabad,Indore,799.3,False,38066.61,90,2026-09-07T22:51:21.080857
5582a6fc-d314-4cb8-843b-b3ec59f885fc,47071a20-72e6-4149-8e08-5607dde6f868,6,22,1622.8,False,relay,delivered,Agra,Bangalore,1840.2,True,70876.94,80,2026-09-07T05:51:21.083485
053210c9-ec35-4da6-a03a-d3a15255da0d,7ddc8ce4-fd78-4c93-b484-8eb56cd5de67,12,21,13631.3,False,single,delivered,Ludhiana,Delhi,285.8,False,21578.7,80,2026-09-04T01:51:21.089135
32f4bef5-4c9d-4c09-a6ef-254e19b393e0,8f4a1d99-4a4f-4834-8fbd-62876e085e16,13,9,7596.5,False,single,delivered,Surat,Ahmedabad,207.7,True,18554.17,90,2026-09-04T23:51:21.095253
fe1d4241-c32b-4fde-96d7-21d2c54f53ed,b5e74178-5094-4f54-a5b6-dee4f5312a44,6,8,4604.8,False,single,in_progress,Agra,Lucknow,319.7,True,13097.97,90,2026-09-05T11:51:21.096663
13b21677-5c6b-4043-a337-79546aecda05,7a1bf95b-8ddc-4f32-ab6e-622e3c3458c8,10,7,5513.6,False,single,delivered,Hyderabad,Bangalore,500.0,False,33799.58,80,2026-09-08T18:51:21.098167
fff282c2-d480-40de-93de-6a72e3f26ea6,525431da-6745-4372-91f8-b6b5e6a5e8a4,10,22,9052.3,False,single,in_progress,Nagpur,Mumbai,688.0,False,45457.23,90,2026-09-03T07:51:21.100122
1a918a2e-aa37-4990-a365-d453cc6f3025,5acb3705-b674-4e23-8f37-74dc8aa3e473,1,5,191.2,False,single,in_progress,Nagpur,Mumbai,688.0,False,12684.36,80,2026-09-04T06:51:21.101954
70adedd1-db57-4fbc-b9da-454a44d4fb52,45cd0b66-1ef1-48a9-aef0-e3e51f3cee95,10,3,9815.1,False,relay,delivered,Bangalore,Nagpur,922.9,False,60020.57,90,2026-09-08T14:51:21.104113
b5bcc53c-f2b8-4044-bb2f-64d2de464a90,d2dcf6fa-48e9-4efc-ae7e-fd8c6782a43a,8,1,5894.6,False,relay,delivered,Kolkata,Mumbai,1658.2,True,77575.02,90,2026-09-07T17:51:21.106792
717e7373-9d18-432e-8df1-521f82642407,c4b8b594-8b83-48b6-a596-a272c0c5287a,9,19,5238.4,False,relay,in_progress,Delhi,Lucknow,497.7,True,29575.92,90,2026-09-08T20:51:21.111098
57a5accd-2d0f-44a2-bb12-4eaece102dea,9f27e1b9-013a-4442-89e7-cdad839d9e13,7,12,7018.0,False,single,delivered,Delhi,Agra,178.1,False,8578.54,90,2026-09-03T21:51:21.113729
8b3c4114-f333-4b11-ba20-da9f1ab50da0,d3589af3-5f4b-4d62-b2e8-04b4b1a55203,12,5,6394.0,False,single,cancelled,Hyderabad,Nagpur,422.9,False,30489.74,90,2026-09-03T00:51:21.115041
